crop,soil_type,temperature,rainfall,humidity,ph_level,field_area,irrigation,fertilizer_used,yield_per_hectare,total_yield
Pulses,Black,38.77,1937.19,69.93,5.97,8.22,0,137.77,4.93,40.53
Maize,Alluvial,16.41,1916.2,86.93,5.5,49.61,0,91.27,13.92,690.53
Cotton,Loamy,22.28,1684.89,46.97,6.38,18.63,1,27.18,15.26,284.33
Cotton,Black,29.81,497.55,70.38,6.01,3.72,1,282.66,16.27,60.51
Wheat,Loamy,15.4,884.88,52.05,7.55,30.69,1,10.32,15.5,475.73
Cotton,Clay,31.56,1054.59,66.0,7.14,9.65,0,252.69,18.44,177.97
Wheat,Alluvial,38.17,1927.27,56.33,7.21,26.28,1,97.6,13.43,352.97
Wheat,Red,29.67,2427.04,70.35,6.33,15.17,0,22.37,8.9,135.03
Rice,Black,22.34,429.57,49.94,7.63,39.61,0,22.21,12.05,477.18
Rice,Black,36.58,1708.93,56.54,5.69,15.89,1,199.78,16.94,269.31
Soybean,Sandy,29.03,1204.15,88.59,8.05,36.23,0,231.29,13.59,492.41
Rice,Clay,15.64,626.57,41.57,7.41,16.06,1,208.65,11.15,179.0
Pulses,Red,28.5,826.43,87.14,7.3,34.89,1,278.91,14.55,507.64
Rice,Red,36.79,2087.71,49.33,8.18,27.2,1,36.63,8.23,223.82
Soybean,Loamy,21.8,1760.15,40.03,6.56,15.59,1,153.22,11.95,186.33
Sugarcane,Loamy,18.0,1108.99,87.15,6.47,26.18,0,121.15,37.28,976.07
Wheat,Black,21.17,1862.24,75.61,5.94,49.89,0,182.87,14.82,739.12
Soybean,Red,23.63,1732.14,74.04,7.09,22.67,1,72.62,13.18,298.73
Maize,Sandy,21.05,2086.59,63.52,8.45,20.24,0,27.09,9.59,194.1
Cotton,Sandy,19.66,485.63,69.54,7.53,1.32,0,242.85,8.2,10.84
Pulses,Black,38.51,1234.9,65.89,8.01,33.95,0,34.04,7.99,271.26
Soybean,Clay,21.45,1785.97,80.86,7.17,26.72,1,298.88,16.53,441.52
Sugarcane,Red,37.07,796.28,53.94,7.6,42.41,1,266.13,30.39,1288.99
Cotton,Sandy,38.39,2049.22,73.45,7.24,18.93,0,199.05,6.44,121.99
Soybean,Clay,27.14,1341.69,89.72,6.03,1.39,1,97.62,18.55,25.88
Pulses,Sandy,31.44,1593.45,44.68,6.6,13.63,1,176.96,8.9,121.3
Maize,Alluvial,37.65,1312.23,57.5,7.44,33.61,0,58.57,23.94,804.61
Maize,Black,15.61,1755.49,48.86,8.32,47.72,0,265.05,14.77,704.78
Sugarcane,Red,25.7,2429.98,88.18,8.06,15.08,0,57.27,15.19,228.96
Maize,Clay,28.92,2365.93,74.8,7.21,5.31,1,201.34,17.73,94.13
Pulses,Sandy,22.38,1077.36,82.43,5.91,35.59,0,88.08,7.71,274.51
Maize,Clay,36.68,2317.81,65.57,7.0,40.02,0,21.28,10.06,402.67
Soybean,Black,37.17,458.0,68.94,6.82,33.77,0,139.68,8.46,285.58
Sugarcane,Alluvial,29.77,464.05,41.87,7.97,18.33,1,98.0,30.71,562.97
Cotton,Black,39.13,1360.26,82.1,6.08,20.86,0,191.23,15.05,313.92
Sugarcane,Clay,27.91,1078.21,79.76,6.31,22.23,0,75.26,38.78,862.14
Soybean,Loamy,32.21,522.21,85.76,6.83,12.37,1,214.38,16.89,208.9
Sugarcane,Loamy,38.87,1949.58,67.72,7.34,21.27,1,169.81,27.46,584.14
Soybean,Loamy,23.55,592.78,44.71,6.43,48.99,0,142.25,9.02,441.7
Sugarcane,Black,19.33,1311.09,59.93,7.35,31.94,1,78.27,36.71,1172.42
Maize,Clay,27.53,1532.69,74.2,7.35,47.22,1,7.95,31.41,1483.45
Maize,Black,29.39,1215.16,72.16,6.87,27.51,0,187.78,44.27,1217.76
Wheat,Sandy,19.89,545.66,45.04,5.55,5.17,0,100.97,6.9,35.69
Sugarcane,Clay,32.04,1115.31,53.03,6.99,34.8,1,188.68,52.41,1823.74
Cotton,Loamy,35.09,992.27,48.87,7.75,40.44,0,219.49,13.38,540.92
Rice,Alluvial,29.05,901.05,73.99,7.72,12.29,1,270.77,34.35,422.28
Rice,Alluvial,22.44,609.97,42.67,8.38,42.43,0,95.79,14.63,620.98
Cotton,Sandy,27.33,574.9,44.59,7.31,27.91,0,225.71,11.91,332.46
Rice,Red,38.27,2445.92,89.8,5.67,36.98,0,105.27,5.53,204.42
Cotton,Loamy,34.04,1698.26,45.06,5.75,35.2,1,119.0,14.25,501.55
Wheat,Red,27.83,889.78,69.07,8.09,44.08,0,284.17,21.3,938.68
Cotton,Black,24.41,575.35,78.86,7.18,21.5,1,99.08,17.48,375.73
Sugarcane,Red,25.13,1600.09,77.05,7.8,41.23,0,223.81,38.26,1577.24
Soybean,Loamy,24.37,1000.0,83.43,6.17,48.18,1,293.37,21.76,1048.58
Pulses,Red,16.09,2341.75,85.96,6.26,34.92,0,156.93,3.62,126.25
Soybean,Loamy,30.69,1627.06,85.06,5.64,14.41,1,17.36,13.27,191.18
Cotton,Red,21.93,795.05,63.18,6.56,29.39,1,108.1,12.46,366.15
Maize,Alluvial,15.81,987.5,60.56,7.31,13.91,0,273.28,25.65,356.92
Wheat,Sandy,33.14,1688.17,60.91,8.3,43.37,0,49.45,9.26,401.56
Soybean,Loamy,27.01,2469.1,58.84,7.75,19.95,0,252.64,8.59,171.36
Wheat,Loamy,25.37,974.15,42.82,8.09,40.74,0,224.97,22.14,902.09
Pulses,Red,33.15,1989.87,58.89,6.22,10.65,0,286.22,6.15,65.47
Soybean,Loamy,31.79,1698.07,57.91,5.84,33.74,1,142.86,13.98,471.89
Wheat,Black,35.41,2432.74,44.42,7.88,29.7,0,8.63,6.42,190.76
Sugarcane,Alluvial,32.6,847.22,46.82,5.54,17.85,1,190.99,33.12,591.41
Maize,Clay,23.71,1479.38,79.18,6.69,31.29,0,209.29,32.52,1017.62
Wheat,Loamy,27.3,942.31,62.96,8.44,24.88,0,62.74,19.1,475.35
Maize,Sandy,28.43,1366.25,69.24,6.7,35.03,1,54.56,26.87,941.46
Maize,Sandy,27.88,2443.53,70.1,6.17,41.18,1,83.58,10.17,418.91
Sugarcane,Alluvial,18.02,1367.64,50.32,6.59,25.42,0,96.47,29.51,750.03
Pulses,Loamy,32.19,1474.48,47.85,6.63,0.63,1,241.86,14.16,8.9
Sugarcane,Black,20.23,1177.99,64.23,7.35,18.76,1,216.15,44.69,838.37
Maize,Sandy,32.83,2279.93,65.58,7.1,5.81,1,106.24,12.78,74.16
Rice,Red,19.56,1584.33,82.04,5.77,27.0,0,267.16,17.23,465.29
Cotton,Clay,34.73,1446.73,44.35,7.11,29.55,1,175.96,15.81,467.19
Wheat,Loamy,23.44,2289.26,70.38,6.23,25.16,1,181.73,13.5,339.67
Soybean,Red,18.82,916.51,48.03,6.06,14.61,0,16.7,7.18,104.95
Maize,Sandy,15.46,1863.62,89.86,8.19,29.01,0,259.65,13.25,384.38
Rice,Alluvial,19.27,1804.15,86.47,7.17,28.79,0,251.57,21.7,624.75
Wheat,Alluvial,32.77,818.96,76.81,7.09,35.51,1,86.59,24.79,880.28
Maize,Black,23.02,1647.15,58.46,6.86,27.66,1,296.99,32.63,902.51
Wheat,Black,21.37,1831.16,78.01,7.29,23.84,0,238.29,17.07,406.9
Sugarcane,Alluvial,33.65,1257.89,86.65,8.47,10.65,0,19.95,39.34,418.91
Soybean,Black,36.05,693.52,79.76,6.1,8.6,0,55.92,8.15,70.07
Soybean,Clay,37.7,1064.01,69.42,7.55,22.87,1,113.08,10.86,248.33
Soybean,Loamy,33.69,1455.71,51.61,8.2,19.5,1,19.99,10.61,206.98
Pulses,Sandy,25.79,1098.91,76.53,7.58,8.75,0,186.02,9.77,85.56
Pulses,Sandy,34.71,718.52,55.59,6.25,37.33,1,61.36,5.74,214.31
Sugarcane,Sandy,33.87,616.12,66.82,6.64,23.12,1,119.19,28.01,647.57
Sugarcane,Red,20.73,1916.73,76.0,7.42,34.85,1,214.85,32.3,1125.73
Cotton,Sandy,38.98,1119.3,51.37,6.77,14.75,0,46.01,8.94,131.94
Soybean,Clay,30.29,438.03,83.61,8.3,28.47,1,237.03,8.49,241.65
Pulses,Clay,34.28,1186.31,43.45,5.73,5.66,0,277.67,7.2,40.73
Soybean,Red,39.62,2161.69,46.23,8.26,43.56,0,68.22,3.52,153.26
Pulses,Loamy,33.61,831.72,79.39,7.31,6.16,1,161.22,14.34,88.28
Wheat,Clay,27.02,2328.75,69.35,5.6,45.68,1,52.92,9.53,435.25
Soybean,Red,37.87,1161.03,69.03,7.4,1.15,0,154.55,11.55,13.26
Rice,Loamy,28.93,2207.33,66.75,6.05,15.33,1,20.12,17.77,272.46
Maize,Sandy,23.73,1383.29,71.25,6.63,41.91,0,19.71,22.88,958.84
Pulses,Clay,28.11,1325.6,60.04,7.18,8.18,0,100.31,9.95,81.45
Maize,Clay,21.77,1752.4,60.44,5.58,8.23,1,260.1,18.61,153.15
Rice,Sandy,20.78,1810.97,40.99,5.81,40.1,0,266.24,10.82,433.82
Wheat,Sandy,21.08,1916.76,82.78,7.99,20.16,0,42.32,9.34,188.21
Pulses,Clay,15.33,579.57,50.39,5.58,9.48,1,192.88,4.41,41.82
Rice,Red,23.55,944.79,58.98,7.27,13.77,0,103.56,20.81,286.5
Rice,Clay,36.53,860.97,88.73,7.84,6.15,1,146.23,21.67,133.4
Rice,Clay,15.56,964.22,67.08,7.4,13.27,1,193.52,17.67,234.44
Wheat,Clay,37.51,1851.57,74.16,7.97,26.72,1,172.95,11.72,313.22
Rice,Red,31.29,2142.46,50.32,5.53,7.28,0,79.95,9.35,68.04
Wheat,Black,30.83,1437.98,68.66,8.01,20.52,1,155.68,20.52,421.04
Cotton,Alluvial,33.45,573.88,70.16,6.24,19.77,1,131.16,16.09,318.05
Maize,Sandy,38.73,1232.96,87.7,5.91,24.45,1,9.35,15.68,383.38
Maize,Black,16.29,1442.37,69.84,6.5,38.66,0,103.32,20.08,776.13
Rice,Loamy,32.62,1656.4,62.98,5.73,4.35,1,208.41,21.83,94.94
Wheat,Black,24.02,592.32,85.87,5.91,47.54,0,156.39,14.42,685.38
Maize,Red,33.98,1920.62,71.86,8.44,45.22,1,66.36,16.13,729.34
Sugarcane,Clay,15.99,1881.71,86.26,6.04,28.61,1,93.86,20.17,576.99
Pulses,Loamy,19.81,642.09,61.09,7.89,37.38,1,253.36,8.42,314.7
Wheat,Loamy,31.25,1165.86,68.03,6.94,44.31,0,101.96,29.48,1306.06
Cotton,Loamy,28.46,1789.48,76.89,7.06,21.63,1,69.89,19.55,422.72
Wheat,Clay,15.53,2236.87,66.45,8.32,40.04,0,2.85,4.62,184.92
Rice,Red,15.94,1407.54,69.04,6.32,20.22,1,125.33,16.44,332.33
Sugarcane,Loamy,20.97,632.0,57.73,6.36,15.17,1,176.73,33.81,512.88
Sugarcane,Alluvial,16.13,629.88,59.58,5.87,47.84,0,235.9,19.8,947.26
Soybean,Alluvial,30.02,2297.82,89.46,7.73,3.72,1,282.82,12.51,46.49
Sugarcane,Sandy,27.82,884.41,48.83,6.16,9.73,0,247.86,32.7,318.14
Soybean,Loamy,27.96,1654.28,66.25,6.28,26.0,1,208.81,16.72,434.77
Maize,Alluvial,30.57,1970.53,41.74,8.18,43.08,0,263.24,16.77,722.6
Cotton,Red,37.22,2406.87,83.11,7.93,32.93,0,220.56,5.45,179.57
Cotton,Alluvial,21.49,1919.18,64.79,5.74,11.4,0,268.34,13.74,156.57
Wheat,Red,27.01,1644.06,81.23,6.54,34.06,0,259.35,23.67,806.25
Maize,Black,36.26,2221.32,75.42,8.01,35.02,1,31.75,14.09,493.64
Cotton,Red,37.02,2230.87,41.46,7.98,6.88,0,68.59,5.34,36.75
Wheat,Black,28.9,1988.94,52.93,6.08,4.66,0,294.36,16.65,77.63
Pulses,Clay,30.85,1533.97,78.99,5.82,38.17,1,129.67,10.63,405.94
Cotton,Black,19.49,1982.77,79.44,6.02,38.66,1,90.29,12.28,474.54
Soybean,Loamy,29.55,1126.35,71.05,5.64,43.64,1,202.82,17.76,774.94
Maize,Sandy,29.86,1205.59,43.28,7.96,18.91,1,231.12,24.9,470.69
Wheat,Clay,21.84,2493.96,61.31,6.85,8.6,0,247.78,8.02,69.0
Wheat,Alluvial,20.75,675.8,83.4,8.39,2.05,0,283.08,15.8,32.39
Maize,Black,24.94,975.85,89.2,6.73,44.76,0,223.75,34.6,1548.6
Rice,Loamy,32.87,1581.78,63.58,7.13,8.38,0,260.59,31.28,262.19
Pulses,Sandy,36.12,1998.15,71.31,5.89,2.11,1,290.25,4.8,10.12
Pulses,Loamy,15.03,1656.49,70.37,6.24,28.14,1,147.48,6.95,195.54
Soybean,Red,21.72,2074.87,55.52,6.87,1.08,1,204.14,8.67,9.32
Pulses,Alluvial,22.29,1859.46,83.01,7.84,2.46,1,224.75,9.5,23.38
Cotton,Loamy,29.27,438.57,64.12,6.13,17.63,1,2.93,12.43,219.19
Wheat,Loamy,17.2,1136.32,41.66,5.74,20.15,1,293.24,15.97,321.77
Wheat,Clay,35.54,486.49,73.52,8.35,6.65,0,9.48,9.32,61.93
Pulses,Loamy,32.73,2229.04,75.7,7.91,17.3,0,145.32,6.55,113.41
Cotton,Alluvial,35.43,1349.87,72.18,7.08,36.71,0,217.45,21.3,782.18
Cotton,Red,26.98,1693.06,56.45,6.91,37.34,0,236.91,17.14,639.89
Maize,Black,28.88,1910.32,51.42,8.49,48.75,0,24.46,14.87,724.82
Sugarcane,Red,25.46,827.51,82.02,6.02,48.06,1,222.81,39.96,1920.41
Cotton,Black,24.28,2474.06,42.01,8.1,29.14,1,8.82,5.92,172.68
Cotton,Clay,29.94,2065.21,72.75,8.48,14.55,0,63.2,8.67,126.19
Sugarcane,Loamy,18.29,1903.23,85.45,6.04,12.26,1,153.78,32.52,398.65
Soybean,Red,25.93,604.53,60.25,7.28,29.18,1,177.89,10.64,310.61
Maize,Loamy,39.24,942.08,72.84,6.48,38.79,1,119.0,22.67,879.29
Pulses,Sandy,37.09,1328.25,56.54,6.85,33.63,0,129.27,6.21,208.98
Maize,Black,32.67,750.79,48.38,5.61,36.95,0,160.05,18.42,680.54
Cotton,Black,36.61,1572.09,67.0,5.6,49.34,0,159.35,12.68,625.43
Sugarcane,Loamy,18.05,1349.62,86.69,6.45,25.61,1,206.46,52.34,1340.42
Wheat,Sandy,15.12,2398.8,71.96,8.1,23.01,0,156.52,4.43,101.93
Soybean,Black,18.14,678.7,47.18,8.32,36.78,1,290.97,7.64,280.89
Sugarcane,Alluvial,36.7,772.01,74.63,8.01,47.26,1,5.25,27.04,1277.9
Wheat,Loamy,15.76,2354.99,74.48,7.53,11.18,1,248.05,11.53,128.83
Rice,Clay,23.71,734.5,70.25,6.45,43.39,0,261.23,22.37,970.76
Sugarcane,Loamy,17.73,1766.07,78.26,8.28,22.19,1,228.69,36.79,816.46
Maize,Red,35.45,652.44,67.22,5.52,16.57,1,182.95,15.13,250.68
Maize,Black,28.71,1652.62,67.28,6.83,1.23,0,181.03,33.83,41.47
Wheat,Clay,26.59,1197.55,83.17,7.06,24.22,0,244.13,26.75,647.94
Sugarcane,Clay,28.17,916.75,63.83,6.68,27.7,1,215.44,56.62,1568.15
Sugarcane,Red,19.89,415.88,72.37,8.19,12.55,0,114.02,15.61,195.98
Sugarcane,Alluvial,19.86,749.3,70.87,7.07,33.67,0,240.91,40.79,1373.28
Wheat,Black,32.94,1239.8,88.84,7.97,26.36,0,204.34,22.28,587.41
Sugarcane,Loamy,29.18,938.78,88.15,6.95,40.4,0,112.05,59.91,2420.31
Pulses,Sandy,15.06,1739.77,65.76,7.28,39.79,0,183.29,4.78,190.19
Sugarcane,Clay,37.5,1142.18,51.84,7.84,14.1,0,255.35,29.96,422.55
Rice,Clay,34.17,714.38,61.2,5.96,12.14,1,258.84,16.01,194.39
Rice,Alluvial,15.59,1748.14,70.35,7.14,11.98,1,189.6,17.91,214.58
Rice,Clay,21.86,1653.8,73.79,6.83,22.57,0,207.73,25.06,565.49
Cotton,Alluvial,17.6,1921.11,68.92,6.32,4.43,1,193.59,13.2,58.48
Rice,Loamy,20.67,1145.49,43.47,7.06,3.85,0,20.98,23.19,89.21
Soybean,Clay,32.0,884.74,62.84,6.07,3.09,1,198.55,12.27,37.92
Wheat,Alluvial,23.34,1619.0,44.44,8.38,31.93,0,60.28,13.56,432.98
Soybean,Alluvial,26.26,1987.94,57.38,7.49,39.87,1,114.76,11.2,446.77
Maize,Alluvial,39.81,2346.7,67.0,8.03,26.29,1,77.11,10.94,287.56
Rice,Red,35.65,2042.26,75.44,5.61,15.5,1,102.5,10.72,166.24
Wheat,Sandy,20.98,1470.42,81.26,6.34,47.15,1,154.7,19.65,926.45
Maize,Alluvial,29.16,1221.19,65.06,6.69,27.22,0,114.19,41.14,1119.6
Soybean,Alluvial,35.15,2059.06,55.23,5.74,20.45,1,46.14,6.54,133.75
Soybean,Black,29.33,2358.73,68.76,6.94,16.03,0,146.12,9.07,145.45
Soybean,Alluvial,19.37,1455.39,59.93,5.94,18.69,1,143.47,12.49,233.43
Pulses,Black,17.0,2031.12,46.1,7.28,46.85,1,131.85,5.17,242.21
Soybean,Red,15.44,1665.36,58.24,6.66,28.44,1,137.94,7.14,203.03
Maize,Clay,16.44,1859.57,89.18,6.22,7.54,0,234.81,15.28,115.23
Pulses,Black,30.45,1729.7,51.44,6.2,11.43,0,187.17,8.6,98.35
Pulses,Clay,18.27,2261.87,62.49,6.08,18.7,1,144.49,3.84,71.9
Sugarcane,Alluvial,39.1,922.02,46.69,6.76,39.62,0,228.09,27.02,1070.5
Pulses,Red,20.38,425.45,52.06,8.43,40.18,0,12.79,3.2,128.59
Rice,Black,31.15,1448.6,53.3,5.95,6.8,1,97.4,24.92,169.34
Maize,Loamy,30.35,2205.09,59.62,8.37,7.09,1,236.07,17.66,125.24
Rice,Clay,25.94,934.81,82.04,5.62,45.14,0,247.54,21.77,982.73
Maize,Alluvial,30.92,1689.26,43.33,7.06,7.93,1,296.48,33.04,262.12
Sugarcane,Loamy,33.66,1783.97,80.11,5.82,2.26,1,221.25,38.71,87.51
Soybean,Black,23.74,2026.77,73.07,6.06,9.12,0,164.88,10.58,96.45
Wheat,Alluvial,17.07,1480.78,84.95,7.85,11.78,0,114.58,15.53,182.95
Rice,Black,30.38,2026.73,72.2,7.09,2.58,1,96.66,20.15,51.91
Maize,Clay,30.05,1623.09,77.4,7.94,33.0,0,13.12,18.25,602.25
Wheat,Loamy,24.3,1307.36,61.97,7.34,47.18,1,278.5,36.51,1722.65
Maize,Alluvial,15.32,2484.07,73.57,6.45,44.02,1,275.68,10.98,483.23
Sugarcane,Alluvial,26.51,2168.2,76.42,7.83,32.98,0,96.02,31.32,1032.93
Rice,Alluvial,28.49,1928.69,45.4,7.56,5.05,1,64.05,20.37,102.81
Cotton,Red,25.34,1992.19,77.17,7.34,5.74,0,206.67,14.56,83.62
Pulses,Loamy,34.03,736.15,63.08,5.53,12.71,0,264.44,7.11,90.32
Maize,Clay,31.44,1052.95,77.12,7.95,30.94,1,106.62,29.51,913.15
Cotton,Black,15.13,1998.08,41.77,7.74,10.52,1,227.6,9.09,95.68
Maize,Alluvial,36.92,2492.3,58.42,6.85,36.24,1,65.16,10.02,363.22
Soybean,Red,15.05,774.58,41.45,6.0,9.48,0,27.9,4.79,45.41
Cotton,Red,31.06,536.19,69.0,7.18,28.25,1,145.98,14.09,397.97
Maize,Black,35.63,1446.34,43.85,5.68,17.04,1,294.59,20.79,354.41
Cotton,Sandy,26.0,709.65,56.41,6.8,4.89,1,18.76,13.31,65.02
Pulses,Sandy,33.34,1028.83,48.67,7.41,25.06,0,35.5,5.91,148.01
Soybean,Black,24.6,1600.93,69.39,6.05,18.43,1,49.59,14.39,265.29
Soybean,Alluvial,29.66,1865.11,86.48,7.85,3.28,0,128.9,14.36,47.09
Sugarcane,Red,27.02,1313.88,86.87,7.62,31.74,1,218.38,58.96,1871.54
Rice,Loamy,15.18,520.29,51.26,5.89,20.24,1,197.09,14.49,293.32
Soybean,Black,16.11,476.2,53.79,6.33,39.46,1,81.58,7.47,294.63
Wheat,Loamy,34.42,537.27,64.38,5.6,3.6,1,168.6,13.53,48.71
Wheat,Loamy,34.3,581.49,51.84,7.7,27.64,1,168.05,18.4,508.59
Wheat,Clay,25.47,946.33,76.54,8.44,13.2,0,217.55,15.63,206.3
Rice,Sandy,22.72,2388.78,88.37,6.05,1.59,0,67.6,7.64,12.15
Pulses,Alluvial,29.03,1499.12,45.74,8.08,36.28,0,237.51,10.28,372.92
Wheat,Alluvial,20.65,2178.53,61.43,5.92,33.38,0,200.71,10.72,357.94
Maize,Red,33.73,1010.23,79.35,5.84,18.12,0,15.59,19.04,345.1
Pulses,Red,19.12,1093.45,77.84,7.06,10.64,0,197.89,8.48,90.25
Soybean,Sandy,38.67,1576.38,77.54,7.17,27.85,1,139.18,10.59,295.02
Rice,Clay,27.45,621.49,72.84,7.97,19.33,0,132.32,16.33,315.6
Cotton,Clay,17.35,1149.01,77.87,6.33,15.96,0,118.79,14.46,230.75
Wheat,Clay,26.19,1571.42,48.3,7.34,18.47,0,83.07,19.6,362.15
Rice,Black,20.05,786.87,84.7,7.46,8.03,1,239.58,30.29,243.23
Maize,Loamy,35.09,1460.93,88.36,6.75,49.21,0,217.56,33.11,1629.33
Cotton,Alluvial,39.49,1777.88,46.49,7.56,5.11,1,215.81,12.9,65.86
Soybean,Alluvial,33.29,793.57,82.91,7.96,27.27,0,227.87,14.91,406.66
Wheat,Black,26.48,1151.38,64.71,7.98,17.09,1,73.3,21.87,373.78
Wheat,Alluvial,32.98,1282.25,85.27,7.72,9.97,0,195.34,27.26,271.71
Soybean,Loamy,36.04,1389.7,88.96,7.4,6.75,1,31.9,15.55,104.97
Cotton,Alluvial,36.39,877.08,81.85,6.34,32.32,1,259.92,17.2,556.04
Pulses,Red,15.83,1038.29,72.66,8.31,43.62,0,242.22,5.06,220.66
Pulses,Clay,31.27,2235.88,40.01,6.01,19.79,1,138.11,5.15,101.87
Soybean,Sandy,25.32,2084.94,63.95,5.55,21.36,1,275.42,6.9,147.38
Rice,Sandy,39.32,2134.68,74.97,8.02,49.1,1,218.0,8.69,426.81
Pulses,Loamy,22.04,2232.78,45.63,7.61,27.26,1,78.99,5.13,139.87
Rice,Black,22.53,1656.55,54.86,6.4,37.29,1,19.35,22.76,848.52
Wheat,Loamy,23.26,1114.85,89.45,7.38,26.8,1,238.37,30.92,828.73
Maize,Sandy,39.89,2196.96,66.07,5.69,41.65,0,146.51,7.45,310.21
Rice,Red,15.82,2223.96,43.23,8.37,1.74,0,129.13,5.48,9.56
Cotton,Alluvial,34.35,1664.04,84.63,6.83,30.55,0,133.57,19.33,590.47
Maize,Black,31.91,676.56,51.71,7.86,48.55,1,285.16,25.6,1242.87
Pulses,Loamy,27.66,1731.62,43.55,6.26,18.41,1,181.22,12.68,233.49
Maize,Black,26.74,1345.98,63.65,7.37,23.75,1,84.2,35.2,836.07
Sugarcane,Red,15.14,416.09,50.95,5.61,5.85,1,138.86,12.97,75.83
Soybean,Clay,22.34,2356.68,59.85,5.76,31.04,1,159.48,6.27,194.8
Pulses,Loamy,15.74,1818.38,42.24,6.85,46.51,0,118.37,5.91,274.63
Cotton,Red,32.85,1676.6,55.47,7.97,47.78,1,216.42,14.13,675.05
Soybean,Alluvial,21.44,525.0,70.19,7.56,6.17,1,240.11,13.23,81.56
Sugarcane,Sandy,29.91,1554.13,85.02,6.71,16.39,0,282.52,43.98,720.96
Rice,Clay,24.05,1646.69,40.51,7.41,45.71,0,46.3,14.36,656.14
Soybean,Sandy,33.52,1512.98,81.45,8.47,41.09,0,126.61,7.51,308.72
Rice,Red,24.98,2311.28,80.4,6.15,23.6,1,195.69,15.38,362.99
Soybean,Sandy,25.75,1813.23,53.77,6.42,39.55,1,67.88,8.72,344.83
Maize,Black,29.48,1994.64,44.94,8.17,1.11,0,180.32,17.95,19.91
Rice,Clay,19.17,1304.11,47.13,8.17,17.62,1,101.93,16.77,295.55
Wheat,Black,15.17,1210.34,79.59,7.29,5.51,1,181.73,21.02,115.85
Cotton,Black,28.99,621.04,48.37,8.42,11.81,1,151.64,14.37,169.73
Cotton,Clay,15.97,465.01,59.4,5.98,1.66,0,44.12,5.86,9.71
Wheat,Red,35.89,1177.83,58.74,6.92,22.48,1,248.01,24.08,541.39
Sugarcane,Sandy,39.03,1217.91,59.28,6.52,27.3,0,143.36,24.18,659.97
Sugarcane,Alluvial,21.17,2160.95,57.81,7.98,35.6,1,17.29,20.96,746.14
Cotton,Red,39.16,1571.19,57.36,7.24,7.39,0,45.16,9.89,73.13
Cotton,Sandy,34.56,1942.61,55.02,6.48,39.73,0,60.39,7.13,283.15
Cotton,Red,26.89,1540.35,51.39,8.39,45.52,0,106.04,11.24,511.65
Soybean,Red,33.65,1553.58,42.89,7.54,23.61,1,283.21,10.21,240.98
Maize,Clay,39.52,1415.16,83.18,7.27,19.08,1,156.73,24.55,468.35
Pulses,Sandy,27.78,1433.88,68.86,8.1,49.05,1,133.04,9.55,468.61
Pulses,Black,35.16,1400.62,89.81,5.68,0.66,0,254.09,11.12,7.3
Maize,Alluvial,21.4,464.66,88.58,6.16,36.83,1,143.05,24.26,893.53
Maize,Sandy,32.31,682.31,54.97,6.58,40.32,1,219.92,19.31,778.41
Soybean,Sandy,39.95,1821.32,81.42,6.38,1.21,0,102.53,6.1,7.37
Pulses,Red,15.14,2367.89,81.1,7.93,44.28,0,184.08,2.68,118.68
Rice,Clay,16.94,1255.84,60.36,5.7,17.77,0,189.63,15.51,275.5
Wheat,Red,38.88,1497.41,54.98,5.73,25.28,1,72.67,10.41,263.08
Wheat,Clay,32.75,1800.39,50.56,8.09,20.36,0,278.77,12.46,253.77
Maize,Alluvial,23.04,1400.52,51.3,7.42,48.96,0,64.39,26.03,1274.31
Rice,Alluvial,19.7,1911.56,83.35,6.86,41.16,1,21.53,22.01,906.07
Soybean,Clay,32.85,2127.32,80.2,7.16,26.25,0,275.04,10.4,272.88
Cotton,Alluvial,37.05,2129.93,76.09,6.31,20.42,0,0.04,8.37,170.86
Wheat,Clay,21.9,1884.65,43.13,8.02,0.69,0,282.13,10.12,6.97
Cotton,Sandy,35.67,672.85,68.25,8.1,28.8,1,267.56,9.71,279.65
Rice,Alluvial,24.43,2424.56,44.46,7.56,24.94,0,279.05,13.5,336.63
Pulses,Clay,18.48,933.89,83.78,6.05,14.28,0,285.23,8.51,121.54
Soybean,Loamy,17.63,2041.83,72.21,5.64,18.32,1,115.54,8.69,159.3
Maize,Clay,30.86,2018.64,40.14,8.08,9.71,0,246.65,15.74,152.77
Rice,Loamy,36.74,1934.04,72.39,7.89,37.82,0,88.59,13.14,497.12
Pulses,Black,33.46,1062.82,72.24,6.69,35.8,1,173.75,11.43,409.19
Maize,Sandy,31.67,2128.95,79.1,7.13,5.44,1,4.41,14.99,81.59
Wheat,Alluvial,32.73,2392.58,41.57,7.71,16.85,1,178.54,8.58,144.47
Maize,Loamy,39.09,1489.97,73.88,6.44,38.81,0,65.94,18.96,735.78
Cotton,Sandy,29.38,560.41,59.13,6.6,9.5,0,5.27,8.48,80.55
Rice,Clay,20.58,1747.91,68.53,7.2,33.32,0,292.26,22.16,738.24
Rice,Sandy,35.74,1672.91,54.56,6.12,8.04,1,19.71,10.99,88.32
Wheat,Clay,27.1,1969.63,63.69,5.67,47.91,0,71.75,11.71,561.0
Cotton,Clay,31.11,1578.72,78.85,6.11,36.42,0,42.24,13.88,505.5
Wheat,Sandy,29.46,708.62,80.56,7.41,19.71,1,192.85,20.34,400.97
Pulses,Black,23.43,1922.46,66.94,5.68,34.65,1,44.19,5.96,206.41
Cotton,Loamy,26.19,681.98,87.9,7.09,12.47,0,284.72,27.73,345.91
Soybean,Alluvial,38.22,1997.79,67.34,6.04,23.2,0,49.72,6.46,149.95
Cotton,Red,16.25,2171.66,89.06,7.88,42.76,1,197.73,7.18,307.08
Cotton,Sandy,27.46,1254.02,87.65,7.07,11.35,0,131.1,21.45,243.39
Pulses,Alluvial,30.56,2460.47,49.51,7.88,45.44,1,209.49,5.08,230.72
Wheat,Clay,33.93,739.51,63.85,7.65,12.74,0,137.47,14.64,186.59
Cotton,Clay,34.29,1447.68,40.61,5.53,18.17,1,165.6,12.01,218.32
Sugarcane,Clay,23.04,2180.89,76.44,5.79,21.72,0,120.83,21.72,471.86
Sugarcane,Clay,37.53,722.99,89.5,8.36,24.99,0,228.3,22.73,568.0
Cotton,Black,33.86,2328.7,87.55,7.23,18.18,1,297.73,12.87,233.96
Sugarcane,Sandy,25.39,2179.27,85.11,8.13,48.73,0,151.79,18.05,879.69
Rice,Red,15.9,767.97,83.34,6.35,47.55,0,215.75,14.48,688.47
Sugarcane,Sandy,23.16,2163.29,47.19,6.79,45.24,1,267.77,22.38,1012.23
Cotton,Clay,37.22,1543.46,50.22,6.27,15.14,1,256.51,11.57,175.13
Rice,Sandy,16.73,2375.65,65.35,6.73,40.64,1,14.29,7.64,310.48
Sugarcane,Clay,35.62,1482.88,63.16,5.64,14.86,0,11.27,19.58,290.86
Soybean,Loamy,15.0,1274.79,66.13,5.66,48.67,0,61.07,7.62,370.72
Cotton,Sandy,37.07,508.99,49.56,6.43,36.72,1,222.57,8.82,323.96
Pulses,Clay,22.57,1083.12,75.63,7.95,9.49,1,101.09,11.3,107.28
Cotton,Alluvial,24.83,1640.34,73.05,5.74,27.45,1,6.2,14.67,402.85
Soybean,Loamy,21.72,1719.71,64.09,6.59,47.49,0,214.33,14.6,693.22
Soybean,Loamy,27.85,1468.67,58.46,8.3,41.46,1,54.06,13.21,547.76
Soybean,Loamy,18.05,662.76,82.52,6.53,2.03,0,58.57,9.7,19.67
Soybean,Black,39.46,2198.73,75.06,7.68,28.32,0,164.79,5.78,163.63
Wheat,Black,34.66,1942.33,59.22,5.58,42.03,1,239.26,13.79,579.77
Wheat,Red,17.44,1573.86,65.05,7.62,26.95,1,15.5,12.72,342.74
Maize,Alluvial,17.96,2419.18,75.72,8.36,11.72,0,259.59,9.43,110.52
Cotton,Black,22.25,2229.97,73.64,7.89,12.9,1,280.59,13.44,173.36
Pulses,Sandy,30.7,919.77,48.14,6.06,1.48,0,92.03,5.62,8.32
Rice,Alluvial,23.35,1938.67,60.23,5.71,39.3,1,25.18,15.12,594.19
Soybean,Red,16.8,831.34,59.07,8.45,39.35,0,189.68,5.6,220.47
Maize,Alluvial,30.03,2479.76,56.26,8.32,45.78,1,20.25,11.0,503.37
Rice,Clay,39.27,637.94,60.18,7.71,35.38,0,61.33,10.28,363.65
Pulses,Sandy,30.14,1485.26,77.01,7.39,27.71,1,290.56,12.05,333.97
Pulses,Sandy,16.89,2397.99,54.86,5.78,30.15,1,27.63,2.32,69.95
Sugarcane,Clay,32.59,1183.85,68.18,6.85,33.77,1,93.87,43.74,1477.07
Cotton,Clay,36.65,2388.14,45.3,5.96,47.26,1,281.72,5.14,243.17
Soybean,Black,32.53,1828.23,60.41,5.55,29.35,0,162.6,9.74,286.05
Wheat,Black,33.14,1696.22,76.97,6.14,33.42,1,2.5,17.25,576.37
Maize,Black,33.71,2320.55,61.7,6.28,22.0,0,131.52,14.58,320.71
Cotton,Loamy,28.67,1808.42,75.04,6.11,32.87,0,263.24,20.25,665.57
Pulses,Loamy,20.36,968.69,52.38,5.69,23.22,0,64.6,7.26,168.48
Wheat,Alluvial,38.79,2160.83,80.25,7.97,46.67,0,236.03,10.2,476.09
Soybean,Loamy,21.33,2474.09,54.57,7.81,21.66,0,175.33,5.69,123.31
Rice,Black,24.21,2280.23,73.32,7.86,22.99,0,262.12,15.67,360.21
Soybean,Clay,27.49,1523.55,47.22,7.85,21.26,0,87.71,10.71,227.61
Rice,Red,22.53,1455.53,42.81,6.97,46.39,0,84.31,19.32,896.15
Soybean,Clay,25.22,2340.46,45.59,7.05,39.43,1,199.27,8.85,348.8
Sugarcane,Black,26.16,2092.27,40.4,8.27,22.44,1,160.67,24.39,547.37
Pulses,Clay,35.71,2057.51,55.39,8.24,47.66,1,189.66,4.74,226.08
Wheat,Loamy,22.97,2297.47,43.88,7.99,17.77,0,257.65,11.13,197.79
Rice,Black,36.47,1971.55,61.96,7.33,8.44,0,123.33,15.63,131.88
Cotton,Red,19.13,404.18,75.94,7.7,25.99,1,162.41,9.03,234.81
Soybean,Sandy,33.31,2251.49,46.07,7.4,29.32,1,155.77,5.93,173.94
Soybean,Alluvial,21.69,1104.92,77.47,7.22,49.32,0,124.73,16.08,792.84
Maize,Sandy,32.41,1874.51,48.58,7.0,20.89,1,172.62,15.79,329.98
Pulses,Red,32.42,1440.98,86.66,6.82,49.03,0,61.88,9.43,462.49
Rice,Sandy,20.11,1466.39,60.96,5.55,39.74,0,201.97,12.58,500.1
Sugarcane,Red,20.55,1900.75,84.08,7.69,35.02,1,250.84,34.99,1225.1
Rice,Sandy,18.18,999.57,66.58,7.03,41.12,0,264.77,17.5,719.55
Sugarcane,Alluvial,24.7,2087.43,85.09,6.11,3.82,1,143.78,32.91,125.56
Cotton,Black,28.64,2461.59,62.52,7.04,49.47,1,299.15,12.78,632.3
Sugarcane,Sandy,20.5,1136.09,58.63,5.71,18.79,0,110.84,19.57,367.89
Pulses,Sandy,38.23,1196.38,81.57,8.03,18.98,0,241.35,7.27,137.88
Pulses,Loamy,29.53,1294.75,67.4,7.06,17.84,1,155.4,16.07,286.69
Sugarcane,Sandy,30.51,1958.73,48.49,6.08,44.58,0,47.6,16.43,732.43
Pulses,Sandy,25.83,2026.04,82.63,7.12,38.03,1,142.18,8.64,328.48
Soybean,Sandy,19.63,1659.52,83.08,8.11,36.36,0,56.38,6.17,224.41
Wheat,Clay,24.57,2125.84,72.98,7.89,13.96,1,159.98,14.28,199.3
Maize,Alluvial,20.63,1510.32,81.3,6.89,14.28,0,178.59,29.95,427.78
Pulses,Red,35.37,2033.85,78.04,6.06,4.88,0,224.35,4.8,23.4
Rice,Red,21.49,470.72,83.96,6.23,28.09,1,257.44,18.77,527.31
Rice,Alluvial,37.2,1083.11,85.05,8.49,41.36,1,224.4,24.98,1033.1
Sugarcane,Alluvial,17.37,2497.67,56.33,7.74,40.43,1,1.72,13.04,527.26
Pulses,Red,22.95,2418.43,84.59,8.05,20.6,1,93.83,4.57,94.19
Maize,Alluvial,15.36,2005.14,71.19,7.79,2.43,0,153.49,12.08,29.31
Maize,Red,36.61,1632.57,69.05,8.47,37.96,0,202.84,12.97,492.13
Rice,Black,29.24,2223.66,58.96,6.61,31.12,0,63.49,16.68,518.98
Cotton,Clay,31.24,2089.27,75.76,7.28,3.14,0,249.85,12.0,37.68
Soybean,Clay,17.75,2342.6,71.58,5.66,32.39,0,194.59,4.07,131.98
Maize,Loamy,30.9,1658.53,48.97,7.62,23.03,0,135.87,28.51,656.61
Wheat,Black,32.13,452.43,48.57,6.86,23.02,1,288.28,18.14,417.54
Wheat,Alluvial,37.04,1627.45,81.69,7.43,4.39,0,177.85,17.86,78.4
Soybean,Black,15.79,1289.0,44.23,7.32,44.11,1,207.2,12.68,559.4
Sugarcane,Sandy,37.15,812.97,76.87,6.36,40.23,0,60.17,19.03,765.5
Rice,Loamy,26.63,2179.51,43.12,6.51,3.82,0,118.79,16.55,63.16
Wheat,Alluvial,22.65,1558.94,79.47,6.75,8.82,0,140.73,22.12,195.18
Wheat,Black,25.96,1512.75,89.27,6.0,6.16,1,83.51,27.94,172.2
Soybean,Red,20.81,672.33,52.82,6.57,33.86,1,292.61,9.3,314.82
Cotton,Clay,23.57,2215.78,47.75,5.75,24.48,0,212.0,7.41,181.53
Soybean,Red,26.96,2039.17,55.18,6.44,0.66,1,146.35,8.49,5.57
Pulses,Clay,35.56,519.66,60.93,6.88,36.39,1,164.17,7.97,290.18
Rice,Clay,22.85,1529.85,82.01,8.47,44.53,1,4.75,18.07,804.58
Sugarcane,Loamy,27.31,1414.68,81.91,6.58,43.06,1,36.97,69.19,2979.22
Maize,Loamy,27.85,2296.93,84.49,7.95,25.75,0,173.79,19.75,508.63
Pulses,Alluvial,20.75,1560.59,58.61,7.49,7.49,1,256.41,10.51,78.72
Maize,Black,27.27,1253.77,85.16,7.31,29.04,0,171.38,39.57,1149.17
Soybean,Sandy,38.47,2277.37,56.87,7.69,28.87,0,52.54,3.7,106.71
Rice,Alluvial,28.0,1496.1,69.45,7.76,31.36,1,237.78,36.89,1157.04
Sugarcane,Loamy,18.8,1362.48,57.56,5.78,24.56,1,284.55,48.13,1182.2
Maize,Clay,34.65,1638.89,40.32,7.82,35.27,0,146.18,15.36,541.71
Rice,Alluvial,39.99,2015.84,59.89,7.98,8.95,0,228.87,9.88,88.46
Rice,Sandy,30.38,2312.27,65.49,7.0,2.99,1,83.54,13.52,40.39
Rice,Alluvial,39.91,2071.62,77.69,6.15,17.13,1,217.38,12.67,217.09
Rice,Sandy,19.34,1197.48,80.07,6.68,37.66,0,195.45,18.24,687.16
Wheat,Red,36.41,2153.64,86.37,6.6,16.24,0,248.06,11.21,182.06
Rice,Loamy,20.86,1124.68,41.51,8.38,33.56,0,191.13,19.23,645.24
Soybean,Sandy,19.81,1020.87,70.98,7.3,25.56,1,83.24,9.86,251.98
Wheat,Red,15.26,1903.7,75.31,7.37,49.51,1,83.44,9.72,481.05
Maize,Black,21.53,1121.11,81.73,8.31,9.69,1,135.84,26.29,254.85
Maize,Loamy,21.0,1891.28,53.65,6.52,22.71,0,150.46,18.88,428.75
Soybean,Alluvial,31.55,1977.47,77.69,7.23,45.27,0,34.44,12.56,568.55
Rice,Sandy,20.31,1793.4,60.56,6.71,44.29,1,227.24,15.52,687.46
Pulses,Loamy,26.0,1932.4,87.01,7.31,43.23,1,35.97,12.6,544.56
Rice,Black,22.2,1434.92,55.0,7.29,21.98,0,175.08,23.87,524.6
Soybean,Loamy,16.13,857.61,40.76,7.24,5.74,0,169.98,9.83,56.39
Maize,Clay,29.01,2379.58,44.14,6.26,39.11,1,173.06,12.87,503.42
Maize,Red,29.63,875.18,84.78,7.85,35.14,0,197.62,25.2,885.42
Cotton,Clay,34.74,1971.14,68.06,6.24,21.47,1,77.9,11.61,249.2
Sugarcane,Clay,16.26,510.81,74.6,6.87,11.71,0,172.33,19.98,234.02
Wheat,Alluvial,37.44,1964.88,43.82,8.19,39.8,1,241.71,11.01,438.02
Wheat,Red,17.12,1380.06,64.11,8.02,11.45,0,41.88,11.48,131.5
Sugarcane,Sandy,34.54,979.09,50.21,5.55,34.12,1,205.16,23.7,808.61
Wheat,Red,22.8,924.52,72.71,7.36,16.94,0,214.43,16.16,273.68
Cotton,Sandy,34.34,492.48,74.67,7.44,11.96,0,120.96,9.41,112.55
Sugarcane,Red,24.34,936.21,45.29,6.56,20.95,1,161.33,33.67,705.5
Pulses,Alluvial,19.54,729.31,81.37,5.63,21.25,1,155.48,8.71,185.06
Maize,Alluvial,22.94,2434.22,53.12,6.44,41.91,0,280.29,15.58,652.8
Wheat,Red,30.75,1246.74,77.62,7.09,34.03,0,119.47,23.06,784.7
Soybean,Red,31.45,416.92,87.16,6.21,5.83,0,274.52,8.48,49.39
Wheat,Clay,27.85,1047.78,68.65,6.48,2.44,0,248.55,25.38,62.03
Cotton,Black,20.85,842.86,82.86,7.96,22.31,0,120.06,15.3,341.27
Maize,Red,39.76,454.12,70.18,7.48,34.56,0,91.35,9.79,338.28
Wheat,Sandy,37.18,1281.68,64.84,8.25,38.93,1,51.28,11.66,453.94
Rice,Clay,37.45,576.67,59.66,5.8,1.32,1,47.89,10.25,13.54
Wheat,Sandy,20.87,2143.32,87.41,6.41,13.59,1,260.52,14.0,190.24
Wheat,Clay,16.27,482.72,68.7,6.68,1.92,1,284.03,13.89,26.64
Maize,Clay,29.71,1235.14,88.69,7.13,14.12,0,169.82,40.37,570.23
Pulses,Alluvial,19.86,595.71,60.52,5.99,11.48,0,67.82,6.48,74.38
Sugarcane,Clay,17.38,1345.12,56.87,8.11,4.63,1,99.6,29.11,134.9
Cotton,Black,33.98,1927.81,64.22,7.58,27.86,0,171.6,13.23,368.58
Maize,Black,28.69,1941.2,57.33,6.72,6.72,1,17.0,20.68,138.88
Sugarcane,Sandy,32.43,806.21,72.08,6.28,44.36,1,93.57,25.63,1136.93
Maize,Sandy,31.2,2237.75,79.53,5.92,27.51,1,119.1,11.54,317.48
Soybean,Sandy,24.01,1809.67,53.53,5.74,49.63,1,151.39,6.86,340.48
Wheat,Alluvial,23.8,1999.52,65.35,7.41,49.27,1,185.82,19.03,937.63
Wheat,Clay,23.26,1584.89,82.53,6.1,46.75,0,83.68,14.7,687.29
Sugarcane,Black,30.08,1499.56,52.68,6.91,24.87,1,88.22,45.25,1125.26
Wheat,Clay,30.06,1474.44,43.05,6.36,5.12,0,254.07,17.16,87.81
Wheat,Sandy,29.86,1666.62,74.13,7.23,21.74,1,43.02,14.93,324.67
Wheat,Black,38.58,1080.02,73.06,7.46,12.93,1,39.29,18.47,238.76
Cotton,Clay,16.12,1941.72,57.07,6.94,46.48,1,37.92,7.66,356.05
Wheat,Loamy,21.46,458.49,71.57,6.78,27.63,1,147.78,19.56,540.49
Rice,Alluvial,24.95,2092.56,69.6,6.0,1.72,0,20.82,12.94,22.27
Wheat,Alluvial,35.01,2212.32,47.53,8.05,49.58,1,157.64,11.02,546.22
Cotton,Loamy,22.7,2158.81,70.72,7.24,13.05,0,81.59,11.05,144.29
Cotton,Red,30.84,1646.27,40.81,7.69,16.51,0,251.18,10.82,178.72
Soybean,Black,38.11,1367.41,64.95,6.45,44.77,0,218.68,12.99,581.72
Pulses,Sandy,15.0,1895.49,57.83,6.26,1.14,0,244.58,4.44,5.05
Cotton,Sandy,37.47,1561.54,80.61,6.65,33.48,0,116.62,9.75,326.53
Pulses,Loamy,22.87,602.95,48.84,8.46,22.48,0,26.29,4.84,108.84
Cotton,Alluvial,26.6,1072.06,63.82,6.45,24.71,1,204.66,24.26,599.39
Maize,Loamy,30.81,669.48,68.92,7.58,35.18,0,241.23,27.46,966.17
Maize,Alluvial,17.31,2038.73,73.69,7.8,15.72,0,185.13,17.57,276.18
Maize,Black,28.78,1499.48,54.11,6.39,14.25,0,25.81,22.21,316.58
Pulses,Sandy,29.64,1543.12,51.69,7.41,41.09,1,156.96,8.2,337.02
Soybean,Alluvial,29.96,1771.19,47.7,8.43,27.47,1,219.07,11.07,303.96
Maize,Red,39.91,1870.91,78.52,6.51,47.11,0,6.28,11.14,524.91
Rice,Red,34.16,1874.43,56.57,7.53,20.1,0,202.83,13.38,268.84
Cotton,Alluvial,28.76,2059.03,55.9,7.24,17.61,0,18.61,11.8,207.8
Cotton,Alluvial,19.05,1782.01,89.89,6.86,18.06,0,261.8,17.38,313.85
Rice,Sandy,15.0,1689.36,70.82,6.87,20.15,1,244.12,17.19,346.3
Soybean,Loamy,38.86,718.01,63.87,7.31,29.3,1,260.45,11.46,335.76
Cotton,Red,31.89,479.98,71.0,7.59,11.14,0,178.57,11.66,129.84
Maize,Red,21.36,1020.48,66.5,7.54,29.84,0,118.89,19.79,590.61
Maize,Sandy,25.82,1650.93,44.03,8.32,37.88,0,150.75,13.41,508.09
Soybean,Sandy,34.79,2323.16,57.99,6.42,10.16,0,37.3,4.53,45.99
Pulses,Clay,19.43,1916.34,42.01,6.72,26.06,0,298.69,5.15,134.31
Wheat,Loamy,18.73,2050.44,70.9,6.53,43.76,1,244.32,15.79,691.14
Soybean,Red,26.0,1752.31,59.05,5.66,30.17,0,137.8,9.13,275.51
Wheat,Loamy,35.88,813.46,62.06,6.1,13.59,1,239.94,19.52,265.28
Cotton,Alluvial,26.65,1335.31,40.73,6.24,43.38,0,181.53,17.28,749.81
Pulses,Loamy,29.29,788.16,42.98,7.31,38.3,1,251.17,12.71,486.96
Wheat,Red,15.31,700.22,77.11,6.23,30.1,1,119.34,11.25,338.76
Maize,Sandy,24.57,2162.21,47.27,7.02,3.57,0,165.99,13.52,48.28
Maize,Loamy,28.95,2415.56,42.43,5.79,2.68,0,270.83,13.19,35.36
Cotton,Loamy,23.26,1637.35,62.71,6.85,46.88,0,38.08,15.11,708.2
Soybean,Loamy,19.15,524.12,74.54,7.69,2.83,1,114.64,10.82,30.58
Wheat,Sandy,15.1,1807.91,72.09,6.73,24.74,1,195.89,11.65,288.08
Cotton,Alluvial,39.71,487.0,88.39,7.15,48.18,0,117.94,9.92,477.9
Rice,Black,19.48,2074.78,73.88,7.14,24.02,0,234.49,16.96,407.29
Pulses,Loamy,31.19,2171.89,56.25,7.56,48.1,0,67.4,6.11,293.85
Maize,Sandy,39.46,779.87,79.96,6.5,36.68,1,219.47,16.09,590.09
Cotton,Sandy,16.7,780.57,87.86,8.17,32.79,1,164.58,9.16,300.41
Pulses,Black,39.91,683.96,73.77,6.69,7.08,1,219.05,8.09,57.32
Wheat,Red,39.79,837.46,57.77,7.51,24.45,0,176.71,11.94,291.94
Wheat,Loamy,31.4,817.51,55.75,6.17,3.92,0,7.56,15.38,60.33
Wheat,Black,32.48,1094.18,77.24,6.74,10.19,1,183.03,28.88,294.3
Pulses,Black,21.53,1280.11,69.96,7.04,14.77,1,124.65,15.93,235.2
Sugarcane,Alluvial,17.28,1069.25,45.23,5.89,28.91,0,27.43,24.9,719.83
Rice,Black,25.18,1494.89,84.83,6.09,1.62,1,36.51,28.83,46.61
Wheat,Red,35.25,1302.31,77.49,8.24,28.82,0,49.39,12.35,355.98
Pulses,Clay,22.66,1565.78,69.4,6.78,30.96,1,53.2,10.53,326.03
Wheat,Alluvial,32.87,1615.85,40.73,6.58,30.44,1,194.81,21.54,655.6
Rice,Clay,38.32,442.29,47.69,8.16,23.2,1,242.32,11.46,265.87
Sugarcane,Red,15.47,1945.43,50.42,5.9,32.11,0,69.32,14.81,475.53
Sugarcane,Sandy,20.52,690.06,82.96,7.0,33.91,1,273.52,30.62,1038.37
Pulses,Clay,32.01,2356.57,71.02,7.91,4.64,0,91.02,4.47,20.78
Pulses,Loamy,18.8,1089.97,42.72,6.05,48.28,1,172.52,8.35,403.18
Soybean,Sandy,22.8,1297.68,72.26,7.74,12.0,0,2.04,9.77,117.14
Soybean,Loamy,24.26,1977.69,84.85,8.04,9.55,1,192.47,11.73,112.0
Rice,Loamy,37.58,961.57,80.62,5.75,30.2,0,262.65,19.19,579.38
Sugarcane,Sandy,34.63,974.77,85.59,5.79,42.74,1,99.49,28.09,1200.66
Maize,Clay,21.09,1042.7,43.18,6.03,0.75,0,285.72,18.86,14.23
Pulses,Alluvial,38.59,2229.63,54.47,7.85,40.26,0,211.51,4.62,186.07
Soybean,Black,30.62,1740.54,55.36,8.08,47.99,1,254.73,12.62,605.54
Rice,Sandy,35.91,1552.71,49.46,7.66,25.8,0,143.16,13.79,355.81
Maize,Black,38.35,1244.67,63.44,7.62,46.15,0,263.78,27.08,1249.68
Pulses,Clay,25.19,2261.4,42.36,8.38,34.12,1,69.92,4.36,148.74
Soybean,Red,22.46,2028.56,59.66,5.92,1.03,0,66.46,5.29,5.45
Pulses,Black,28.19,760.35,48.37,6.89,2.15,1,152.33,10.43,22.39
Maize,Alluvial,26.85,1347.66,83.46,7.09,23.67,0,235.52,43.29,1024.45
Wheat,Clay,31.84,688.46,53.84,5.64,46.58,0,96.26,11.07,515.52
Pulses,Loamy,25.88,2333.45,57.25,5.66,10.61,0,258.62,4.99,52.94
Maize,Black,27.82,990.93,81.11,7.76,36.78,0,217.21,39.98,1470.39
Rice,Loamy,17.98,1476.02,57.44,6.62,31.26,1,70.35,24.5,765.62
Cotton,Alluvial,17.7,888.54,77.51,6.32,31.42,1,240.72,16.54,519.73
Sugarcane,Sandy,31.89,1468.68,83.07,8.1,0.99,1,160.49,29.97,29.68
Pulses,Clay,39.67,1984.6,52.43,7.12,49.61,1,258.88,5.37,266.5
Wheat,Alluvial,36.47,1084.35,87.7,5.87,1.4,1,248.26,19.64,27.59
Rice,Alluvial,21.03,890.49,43.41,6.06,28.0,0,67.18,15.43,432.16
Sugarcane,Alluvial,39.44,2096.52,76.87,7.11,42.08,1,18.07,22.78,958.75
Rice,Alluvial,23.01,745.0,79.16,5.87,31.93,0,97.88,16.66,532.05
Wheat,Red,16.07,2215.77,45.93,6.02,24.09,0,257.89,5.74,138.2
Sugarcane,Alluvial,15.33,1474.74,78.47,8.3,45.51,0,240.89,34.09,1551.32
Sugarcane,Black,22.22,1191.81,59.67,7.13,8.41,0,210.28,45.11,379.53
Rice,Red,35.75,1774.92,60.56,7.49,6.35,1,26.23,13.87,88.09
Sugarcane,Loamy,16.0,975.38,87.78,8.36,17.94,0,209.88,35.01,628.13
Maize,Loamy,32.65,1457.75,81.46,7.02,31.2,1,232.57,43.45,1355.61
Pulses,Sandy,19.8,706.64,86.9,8.25,44.43,1,208.97,7.13,316.81
Rice,Loamy,29.05,1809.95,86.32,7.36,41.33,1,244.32,34.25,1415.29
Rice,Loamy,19.92,898.71,54.99,7.43,30.25,0,157.82,22.88,691.94
Cotton,Loamy,19.83,1389.75,63.63,6.63,26.11,0,102.88,18.33,478.49
Soybean,Clay,22.9,517.06,70.49,6.22,19.65,0,163.65,7.79,153.0
Rice,Loamy,20.79,2182.74,59.86,6.24,40.71,1,277.82,15.56,633.43
Soybean,Clay,33.54,1548.02,84.22,7.16,26.96,1,218.66,15.17,408.99
Sugarcane,Clay,20.03,2269.5,45.75,5.51,25.35,1,179.23,16.23,411.44
Rice,Red,21.43,1376.58,51.35,7.73,46.0,0,207.42,17.04,784.02
Rice,Clay,35.73,799.71,85.86,7.16,15.31,1,243.54,22.9,350.68
Maize,Loamy,36.21,1162.84,79.7,8.32,31.35,1,163.38,24.83,778.49
Soybean,Alluvial,26.15,442.05,43.13,6.66,29.38,0,107.09,10.06,295.63
Pulses,Loamy,20.48,636.97,69.82,6.95,1.83,1,64.81,11.23,20.55
Sugarcane,Clay,38.93,1296.92,63.76,8.19,26.49,0,185.49,26.84,711.01
Cotton,Clay,27.77,1300.41,42.69,5.57,18.22,0,198.99,15.42,280.94
Cotton,Clay,18.83,1929.04,70.01,7.69,38.6,1,125.49,9.96,384.62
Cotton,Red,27.89,1444.23,48.92,5.82,42.18,1,179.19,14.99,632.38
Pulses,Sandy,23.5,2226.26,44.41,7.83,42.45,0,82.24,3.81,161.75
Sugarcane,Red,28.38,1734.18,49.82,6.14,2.55,0,250.96,32.67,83.45
Wheat,Red,25.88,2401.55,75.96,8.29,26.62,1,159.67,10.34,275.32
Rice,Loamy,34.8,2104.3,64.11,5.67,9.14,1,113.92,14.55,133.01
Cotton,Clay,33.19,2337.47,78.11,7.28,10.01,0,146.16,7.26,72.66
Cotton,Loamy,25.2,987.24,46.82,7.68,40.75,1,55.73,16.2,660.33
Cotton,Red,31.46,1319.21,53.84,7.17,17.68,0,268.02,17.15,303.19
Rice,Loamy,33.12,2156.47,83.12,6.45,42.68,1,3.6,17.82,760.81
Wheat,Alluvial,27.13,579.35,88.62,7.05,30.9,1,137.27,27.43,847.52
Wheat,Black,17.65,2158.69,51.99,6.08,25.49,1,113.4,11.0,280.54
Rice,Sandy,34.8,1244.84,61.25,6.65,36.09,0,131.37,19.77,713.66
Wheat,Loamy,24.83,1695.1,83.04,6.54,32.86,1,94.66,23.52,772.9
Cotton,Red,17.49,2009.85,88.31,8.41,43.32,0,85.38,6.86,296.98
Wheat,Sandy,32.13,1009.09,50.07,6.3,8.9,1,277.39,14.65,130.47
Wheat,Loamy,28.68,745.66,43.19,6.45,11.41,1,167.77,22.24,253.64
Cotton,Clay,15.4,2423.74,58.85,7.31,4.45,0,118.23,5.39,23.97
Cotton,Alluvial,34.16,1253.47,83.99,7.45,45.01,0,81.47,19.12,860.58
Pulses,Clay,26.91,1806.48,60.12,6.39,31.46,1,226.94,9.93,312.44
Maize,Black,30.42,484.7,56.31,6.91,7.82,0,254.18,21.5,168.25
Maize,Alluvial,34.23,1293.56,68.27,5.56,2.2,1,114.64,25.23,55.62
Rice,Black,27.63,1246.37,71.73,7.36,6.48,1,280.62,48.24,312.48
Wheat,Red,31.92,1163.15,86.91,6.33,16.94,1,188.24,27.43,464.8
Maize,Clay,15.81,894.74,55.52,6.7,12.49,1,91.35,20.02,250.1
Wheat,Black,39.42,1192.12,80.09,6.8,43.54,1,222.26,23.79,1035.83
Rice,Clay,33.9,1226.89,70.41,6.83,37.25,1,277.29,28.75,1070.72
Wheat,Clay,24.23,1793.86,45.91,8.36,43.35,1,265.3,12.79,554.43
Rice,Alluvial,31.62,1280.6,75.05,6.73,25.48,1,280.19,37.09,944.92
Soybean,Sandy,27.86,2199.35,63.34,6.58,27.04,0,259.31,7.72,208.76
Soybean,Black,26.89,1989.55,74.46,8.09,49.84,1,20.63,11.03,549.92
Cotton,Black,20.1,2135.58,67.88,5.66,48.61,0,120.51,7.96,387.03
Sugarcane,Red,31.27,1691.64,48.78,7.04,35.91,0,141.49,28.46,1021.96
Cotton,Red,23.32,2373.84,57.15,8.46,24.52,0,15.74,4.72,115.63
Wheat,Alluvial,23.8,1881.79,66.08,5.87,48.09,1,55.29,13.92,669.46
Rice,Loamy,34.36,682.31,63.39,7.32,21.7,0,87.08,19.65,426.5
Sugarcane,Alluvial,30.24,1593.71,79.6,8.46,12.92,0,266.23,46.74,603.85
Wheat,Sandy,30.38,2346.51,88.1,7.03,22.91,1,267.13,12.41,284.39
Sugarcane,Clay,23.11,2399.5,81.18,7.63,29.59,1,173.56,19.35,572.64
Maize,Loamy,25.99,1471.97,52.94,6.45,4.8,0,141.67,33.49,160.93
Soybean,Sandy,21.47,1129.1,79.71,7.38,46.91,1,27.4,10.59,497.03
Wheat,Sandy,28.44,429.81,52.88,6.85,34.8,0,63.94,12.01,417.97
Soybean,Sandy,20.92,2253.49,44.85,5.67,6.9,1,149.5,4.5,31.07
Rice,Black,28.59,1859.44,65.76,8.47,30.76,0,255.55,20.75,638.18
Pulses,Loamy,37.39,460.78,51.98,5.6,17.12,0,172.95,4.46,76.4
Cotton,Black,20.96,871.2,65.23,6.28,0.95,1,54.62,15.02,14.26
Soybean,Sandy,32.67,1774.13,83.63,6.23,22.78,0,215.4,8.88,202.18
Wheat,Black,26.45,1228.41,83.35,6.23,48.35,0,165.11,28.6,1382.7
Soybean,Black,35.94,1078.28,84.45,5.98,9.06,0,82.04,12.3,111.52
Soybean,Black,35.54,691.83,77.36,5.64,47.45,1,57.68,8.6,408.23
Cotton,Clay,34.48,1497.24,72.05,7.86,20.55,0,214.8,14.27,293.2
Pulses,Clay,16.6,1651.9,76.98,6.13,42.16,1,244.44,7.4,312.04
Maize,Sandy,18.34,2401.95,43.63,6.1,17.72,0,76.2,6.65,117.78
Wheat,Loamy,21.78,1996.69,76.12,5.52,25.7,0,117.28,14.46,371.71
Maize,Sandy,35.0,907.48,43.4,6.45,13.71,1,129.67,14.47,198.31
Soybean,Alluvial,15.31,1753.42,49.14,6.2,31.96,1,2.95,7.18,229.44
Cotton,Black,32.33,2009.12,55.2,7.93,15.05,1,295.17,15.1,227.29
Pulses,Red,20.63,1790.87,70.48,8.25,8.24,1,129.36,6.44,53.1
Maize,Sandy,21.52,1488.39,76.11,6.02,27.57,1,155.62,18.38,506.84
Maize,Red,27.3,1051.49,49.09,7.01,16.48,1,133.85,31.74,523.0
Pulses,Loamy,26.38,743.46,55.21,7.36,15.44,1,230.33,11.65,179.83
Cotton,Loamy,35.86,1612.44,72.32,6.88,26.67,0,247.12,16.25,433.54
Sugarcane,Alluvial,27.48,1022.73,53.26,6.8,49.95,0,49.01,41.53,2074.56
Maize,Clay,36.93,1509.2,63.36,5.82,32.65,0,38.73,15.77,514.97
Sugarcane,Sandy,22.89,1705.19,50.99,6.83,45.02,0,115.52,28.95,1303.41
Wheat,Red,35.87,1891.74,45.63,7.71,14.12,0,51.18,8.52,120.28
Soybean,Sandy,34.73,1666.08,72.71,8.49,4.21,0,250.91,8.32,35.04
Soybean,Clay,16.63,2125.86,72.32,7.44,6.85,0,76.53,6.22,42.64
Maize,Alluvial,29.71,846.6,44.85,5.69,29.84,1,16.53,20.8,620.77
Cotton,Alluvial,38.21,1746.28,55.58,7.08,3.77,1,274.16,17.85,67.29
Sugarcane,Alluvial,35.42,1974.05,74.98,6.42,3.33,0,37.58,27.21,90.52
Rice,Red,18.49,1903.05,88.64,8.45,24.95,1,201.23,15.06,375.77
Wheat,Alluvial,25.53,2161.56,83.86,6.23,27.75,1,100.17,15.99,443.73
Soybean,Red,34.0,502.41,82.19,6.81,17.45,1,174.76,11.04,192.61
Wheat,Red,33.19,2226.19,49.47,6.7,47.42,0,252.1,8.43,399.87
Cotton,Alluvial,20.07,2496.47,67.07,6.35,49.74,0,7.98,6.39,318.08
Maize,Black,29.52,1957.54,73.76,6.12,17.95,0,208.16,21.59,387.49
Rice,Red,30.49,562.56,65.64,6.53,16.76,1,173.63,19.52,327.16
Wheat,Clay,32.58,2152.36,42.81,7.74,42.62,1,89.98,8.47,361.1
Maize,Loamy,15.83,2403.27,50.5,7.87,38.84,1,70.61,9.49,368.63
Wheat,Red,20.29,702.9,77.95,7.0,45.63,1,226.12,17.31,789.73
Pulses,Loamy,23.77,2148.66,64.67,8.23,46.44,0,295.23,6.54,303.49
Pulses,Loamy,23.86,1585.65,52.62,8.25,13.65,1,59.0,10.42,142.21
Wheat,Loamy,30.34,868.48,67.28,7.55,9.92,0,90.48,19.4,192.36
Soybean,Alluvial,23.39,1606.62,65.74,7.04,5.81,0,39.1,14.53,84.4
Cotton,Red,17.44,750.38,86.19,7.96,18.03,0,109.77,8.6,154.95
Cotton,Black,30.72,958.81,41.95,6.87,44.6,0,42.18,14.76,658.39
Rice,Red,19.59,414.37,63.35,7.56,11.7,1,73.08,13.17,154.16
Maize,Loamy,34.52,2311.41,59.14,7.39,21.79,0,23.49,13.24,288.48
Wheat,Clay,26.23,2375.04,87.64,6.22,31.39,1,20.19,10.32,323.87
Rice,Red,30.83,1914.21,52.86,7.66,1.89,0,89.87,13.36,25.27
Rice,Black,37.45,2364.39,88.99,8.11,9.11,1,5.07,10.88,99.14
Pulses,Black,35.49,2498.64,50.57,6.3,33.31,1,71.04,3.17,105.61
Wheat,Black,30.75,2475.83,57.22,5.69,36.85,0,30.05,6.33,233.3
Maize,Clay,24.46,585.63,57.11,8.44,31.67,0,212.69,17.33,548.87
Maize,Loamy,15.46,701.6,72.9,7.68,39.43,1,149.02,22.69,894.86
Wheat,Clay,32.71,1936.93,48.7,6.58,32.05,0,38.34,11.21,359.25
Maize,Red,15.86,1733.35,82.95,6.53,19.82,0,265.98,17.08,338.46
Wheat,Sandy,30.75,1276.5,47.22,5.78,1.33,1,83.14,14.42,19.11
Maize,Red,23.0,1462.69,48.13,8.38,42.65,0,199.3,16.76,715.0
Maize,Sandy,15.5,1631.86,62.77,7.05,0.87,0,223.93,13.68,11.89
Sugarcane,Sandy,21.73,2462.74,59.15,6.03,17.91,1,188.41,14.71,263.51
Wheat,Red,21.46,2220.72,73.46,6.84,24.65,1,16.72,12.25,301.95
Sugarcane,Loamy,27.0,1420.36,68.29,8.25,40.14,1,0.22,48.35,1940.77
Rice,Black,19.81,1374.27,52.29,8.24,17.1,1,146.05,22.88,391.29
Soybean,Alluvial,37.47,1358.67,47.47,8.29,23.21,1,233.4,10.33,239.64
Pulses,Black,25.16,2345.83,75.52,6.76,26.1,0,8.47,6.41,167.27
Pulses,Loamy,32.87,1302.67,55.32,8.39,48.24,0,215.27,10.63,512.71
Maize,Black,30.36,2274.19,43.93,6.49,12.79,1,66.21,15.55,198.9
Maize,Clay,20.3,901.9,54.06,6.73,12.1,0,109.83,17.01,205.82
Maize,Clay,21.72,2495.75,82.91,6.72,49.02,1,237.02,14.72,721.5
Rice,Red,30.56,1048.73,58.44,7.81,40.64,0,253.26,18.88,767.16
Pulses,Black,27.1,2284.82,85.39,5.76,46.86,1,244.11,7.17,336.15
Soybean,Alluvial,39.21,710.49,87.04,6.05,28.59,1,161.27,10.59,302.86
Soybean,Alluvial,15.42,2416.77,42.23,5.93,1.19,0,4.31,2.78,3.32
Sugarcane,Red,23.54,2401.96,85.16,7.64,41.0,1,205.33,22.26,912.51
Wheat,Alluvial,23.09,2120.39,66.83,8.08,11.05,1,47.16,14.9,164.61
Cotton,Alluvial,16.82,1716.35,52.66,7.91,40.98,0,280.33,10.35,424.13
Soybean,Loamy,18.31,1548.52,67.31,5.77,21.19,0,0.19,10.17,215.57
Soybean,Black,18.22,1911.99,45.06,7.37,18.13,1,209.03,8.35,151.27
Sugarcane,Alluvial,23.0,2002.62,80.11,6.66,21.19,0,38.13,31.15,659.93
Wheat,Clay,26.33,2191.67,69.07,5.74,9.99,0,154.06,11.99,119.8
Soybean,Red,24.85,2181.23,64.65,6.92,24.77,1,16.63,8.43,208.92
Rice,Loamy,38.36,1924.73,85.89,8.23,30.43,1,100.21,13.9,423.01
Wheat,Red,17.66,2034.7,48.53,6.84,10.92,0,96.94,8.81,96.2
Soybean,Black,22.46,1811.96,56.44,6.33,9.63,1,137.33,12.58,121.16
Wheat,Loamy,32.73,444.41,60.95,7.83,17.27,0,283.59,17.21,297.24
Pulses,Red,36.31,816.21,83.72,6.56,36.27,1,56.7,7.1,257.52
Rice,Alluvial,27.33,572.07,49.8,8.33,48.84,0,96.46,13.71,669.75
Soybean,Clay,37.87,1436.44,62.68,5.61,36.57,1,15.61,6.84,250.3
Maize,Sandy,39.99,2084.77,79.34,7.03,15.35,1,176.44,13.78,211.63
Sugarcane,Red,28.49,562.72,40.9,5.81,20.82,1,33.6,24.14,502.64
Maize,Sandy,26.78,2460.31,77.02,5.85,37.95,1,153.68,11.12,422.03
Maize,Loamy,38.65,1617.52,67.01,5.65,3.61,1,203.99,18.93,68.4
Wheat,Sandy,39.89,1797.87,64.67,8.27,1.28,0,111.69,6.47,8.31
Soybean,Loamy,20.12,1589.69,72.48,6.41,23.27,0,16.35,12.78,297.34
Wheat,Alluvial,28.18,1579.35,48.54,6.09,16.28,0,152.33,19.73,321.24
Soybean,Black,24.74,906.24,40.78,6.58,4.95,0,43.69,11.79,58.32
Soybean,Clay,40.0,404.59,71.93,5.92,46.07,1,62.79,4.6,211.93
Cotton,Red,38.0,1765.54,44.52,8.34,13.3,1,94.67,7.85,104.35
Wheat,Alluvial,18.08,1242.04,57.54,7.82,40.26,1,156.06,21.05,847.58
Wheat,Loamy,34.51,1159.38,60.32,7.93,19.27,0,188.46,18.11,349.05
Cotton,Clay,34.52,1219.5,68.93,8.23,27.93,0,115.13,14.51,405.27
Maize,Black,31.27,2220.33,84.7,8.26,5.2,1,218.76,19.18,99.65
Maize,Clay,19.23,793.81,40.53,5.77,28.06,0,52.19,11.28,316.53
Wheat,Black,28.75,1701.12,73.17,8.01,11.17,1,141.9,22.36,249.69
Sugarcane,Loamy,26.55,2296.36,42.54,8.09,17.38,1,191.47,24.24,421.24
Rice,Clay,26.32,2154.63,88.08,7.83,31.29,0,253.1,15.64,489.22
Sugarcane,Sandy,27.72,531.13,59.2,6.83,7.51,0,129.63,30.24,227.11
Wheat,Loamy,18.57,1217.81,87.59,6.46,43.47,0,88.14,23.81,1035.1
Soybean,Clay,22.79,2044.14,62.13,6.96,39.01,1,169.68,10.45,407.57
Cotton,Clay,28.15,2098.48,58.09,7.07,33.7,1,94.94,12.5,421.29
Rice,Red,29.05,1060.58,44.22,7.56,35.53,0,163.72,19.32,686.67
Soybean,Clay,31.72,1062.37,74.13,8.11,12.26,0,215.15,12.3,150.8
Pulses,Red,21.08,1963.98,48.41,6.07,23.31,1,199.45,5.01,116.78
Cotton,Alluvial,35.61,1277.19,43.65,6.32,49.01,0,80.48,15.96,781.96
Pulses,Black,15.25,712.5,78.79,6.84,22.65,0,137.46,7.97,180.46
Pulses,Black,36.21,2302.64,67.08,7.39,13.22,1,107.03,4.89,64.66
Pulses,Loamy,35.76,1794.43,56.92,8.31,45.65,0,157.73,6.79,309.91
Sugarcane,Red,39.2,2268.66,70.03,7.09,1.88,0,267.62,18.3,34.37
Maize,Alluvial,33.57,987.51,68.25,5.76,20.98,0,190.13,21.44,449.74
Cotton,Alluvial,27.45,1092.01,62.03,8.07,34.37,0,238.89,21.37,734.55
Rice,Sandy,28.07,449.54,60.69,6.4,37.53,0,105.67,14.25,534.82
Rice,Loamy,22.78,2260.44,78.75,7.71,39.97,1,296.51,19.83,792.5
Maize,Clay,21.56,1315.75,47.85,8.34,38.46,1,147.87,19.02,731.54
Pulses,Sandy,21.3,1430.7,43.78,7.35,33.46,0,34.42,5.31,177.8
Soybean,Alluvial,32.84,930.04,72.84,6.09,7.63,1,290.64,16.6,126.65
Pulses,Sandy,28.79,2166.3,89.84,6.79,16.35,1,180.18,6.67,109.13
Sugarcane,Sandy,20.76,1838.92,89.09,7.57,44.22,0,80.41,25.97,1148.13
Wheat,Red,28.45,548.16,86.7,7.8,33.07,1,134.73,18.91,625.38
Rice,Alluvial,31.25,1982.91,71.1,7.12,37.61,1,177.75,25.1,943.93
Maize,Sandy,39.26,636.01,53.43,6.98,41.92,1,214.41,14.83,621.49
Wheat,Alluvial,20.96,1216.22,62.19,8.17,20.86,0,66.53,19.03,396.91
Soybean,Loamy,39.58,2166.33,41.8,7.48,14.69,1,274.54,8.08,118.73
Wheat,Red,16.31,2043.98,82.28,7.9,25.67,1,189.17,11.21,287.84
Pulses,Loamy,18.89,873.9,50.59,7.88,9.75,0,272.33,8.8,85.81
Cotton,Sandy,17.0,1154.88,82.92,6.2,6.22,1,2.73,9.57,59.48
Pulses,Sandy,31.73,2265.37,63.0,7.32,9.83,0,167.69,4.3,42.24
Soybean,Loamy,17.15,1574.19,65.14,5.93,22.38,0,95.19,9.33,208.73
Rice,Black,21.47,454.38,54.26,7.16,0.58,1,286.55,18.86,10.92
Soybean,Red,19.6,1611.57,47.74,6.57,35.0,0,196.8,8.36,292.45
Wheat,Black,26.31,755.79,71.84,8.42,41.37,1,81.21,17.52,724.76
Maize,Loamy,31.55,2316.46,83.69,7.01,22.16,0,141.21,17.54,388.85
Wheat,Red,34.76,1353.31,55.08,6.65,42.79,1,117.1,20.19,864.14
Cotton,Black,34.23,2294.01,62.32,7.15,47.25,1,242.13,11.54,545.38
Wheat,Clay,18.23,1527.4,86.83,6.43,43.54,1,181.63,16.52,719.35
Rice,Alluvial,28.26,1791.85,69.51,6.77,10.44,1,33.97,26.71,279.0
Soybean,Sandy,28.52,2118.56,48.58,7.92,34.8,1,222.99,7.31,254.38
Cotton,Black,28.73,2352.56,87.39,5.71,23.09,0,176.21,8.47,195.54
Cotton,Clay,33.91,2067.68,64.73,8.18,13.75,0,78.92,7.99,109.88
Soybean,Loamy,36.47,586.42,83.25,6.46,9.33,1,175.67,12.5,116.63
Pulses,Alluvial,16.64,1931.77,67.99,6.58,40.51,0,223.94,7.63,309.2
Cotton,Black,33.61,719.16,46.52,6.54,40.48,0,12.49,11.9,481.74
Pulses,Red,30.19,1498.63,83.72,5.63,13.42,0,69.96,8.52,114.35
Maize,Red,32.35,433.86,58.63,6.56,27.4,1,239.68,20.07,550.07
Cotton,Clay,35.08,1579.94,77.04,7.49,18.1,1,114.75,14.3,258.72
Pulses,Black,20.68,1253.45,82.56,7.9,13.72,0,198.44,12.81,175.84
Cotton,Loamy,20.8,1888.69,81.19,8.07,21.05,0,211.61,12.63,265.79
Sugarcane,Loamy,37.17,2266.6,77.29,5.61,28.97,1,101.21,17.03,493.26
Rice,Clay,35.18,1365.23,51.18,8.3,17.56,1,199.34,19.11,335.51
Sugarcane,Clay,37.21,1328.01,47.14,7.79,39.6,0,258.55,28.66,1135.11
Rice,Clay,31.98,555.56,89.64,6.72,14.73,1,155.5,22.56,332.15
Pulses,Black,26.24,2157.41,68.62,8.5,14.7,0,179.46,6.2,91.11
Sugarcane,Clay,34.82,2302.09,88.75,6.2,44.12,1,86.17,20.28,894.72
Cotton,Alluvial,16.25,1667.15,80.34,5.97,1.24,0,296.78,11.44,14.23
Wheat,Loamy,27.05,1456.58,55.8,7.69,43.8,0,282.36,30.37,1330.04
Rice,Clay,25.26,1099.21,46.25,5.82,34.57,0,85.67,19.64,679.03
Sugarcane,Sandy,18.7,607.24,68.99,7.38,18.58,0,129.98,22.12,410.92
Pulses,Loamy,25.66,1100.78,55.82,7.82,3.08,0,199.96,13.34,41.06
Wheat,Red,16.37,1524.49,86.79,7.29,40.57,1,156.1,19.57,793.79
Soybean,Alluvial,20.38,2103.32,49.86,6.14,33.97,0,86.98,7.5,254.83
Pulses,Red,23.08,2363.83,58.17,6.67,5.75,0,47.82,4.5,25.9
Sugarcane,Clay,19.17,654.43,44.27,8.23,10.08,1,92.96,19.82,199.89
Soybean,Alluvial,36.38,1307.03,59.3,7.57,30.32,1,98.1,14.56,441.49
Soybean,Loamy,37.74,1731.17,43.6,8.23,47.91,1,70.18,7.29,349.06
Pulses,Red,22.87,1043.44,47.61,6.29,21.66,0,186.0,7.32,158.66
Maize,Loamy,26.96,779.34,64.28,7.61,1.97,0,61.77,26.11,51.55
Maize,Alluvial,38.58,2356.64,50.34,6.57,7.9,1,197.81,12.32,97.24
Sugarcane,Clay,35.87,1987.36,64.17,5.83,6.21,1,96.02,20.1,124.89
Pulses,Red,19.99,479.35,72.17,6.29,3.09,0,82.22,5.42,16.75
Rice,Alluvial,37.58,546.35,42.91,8.28,32.6,1,51.83,10.73,349.84
Maize,Black,30.38,1265.09,86.72,5.65,10.91,1,263.35,39.61,432.11
Sugarcane,Loamy,24.56,991.76,76.1,8.09,32.88,0,128.13,39.08,1284.76
Maize,Loamy,26.88,1066.24,78.32,6.99,15.85,1,177.89,52.07,825.19
Cotton,Loamy,34.08,686.66,51.43,8.15,1.5,1,72.88,13.59,20.33
Cotton,Sandy,26.7,2263.84,72.06,6.74,14.99,1,286.79,11.7,175.39
Rice,Alluvial,38.84,1748.43,54.91,5.88,42.21,0,255.13,13.81,582.92
Pulses,Black,16.89,1611.83,72.13,8.05,14.98,0,224.6,7.99,119.68
Soybean,Loamy,31.81,1468.25,76.06,6.56,16.62,0,90.96,15.69,260.83
Rice,Alluvial,15.78,2388.5,52.04,6.22,4.63,1,268.88,9.61,44.45
Wheat,Sandy,32.64,2123.76,51.82,7.48,19.9,0,230.03,9.02,179.53
Sugarcane,Sandy,35.9,612.68,73.79,6.25,1.27,0,83.9,17.09,21.66
Pulses,Sandy,36.64,906.83,43.93,6.57,37.51,1,222.01,6.02,225.92
Maize,Loamy,32.51,1243.81,43.82,7.7,31.04,1,45.67,31.14,966.34
Wheat,Black,29.64,1632.21,62.29,8.01,13.62,1,46.11,21.42,291.63
Rice,Black,29.77,1462.12,40.9,8.3,4.38,0,218.86,17.31,75.78
Rice,Loamy,27.18,2244.33,66.36,8.29,24.45,1,139.07,18.86,461.04
Wheat,Alluvial,28.9,1248.35,63.01,5.55,14.55,1,233.55,23.96,348.54
Pulses,Sandy,24.7,908.82,86.22,7.07,1.16,0,186.95,8.59,9.99
Wheat,Red,19.57,1605.35,71.87,7.17,37.05,0,77.34,14.2,525.92
Sugarcane,Black,22.44,469.19,69.51,7.07,14.51,1,25.74,28.91,419.48
Cotton,Black,26.31,490.66,55.48,6.46,42.0,0,70.99,13.59,570.73
Cotton,Red,39.96,2491.94,49.56,6.44,24.56,0,73.42,3.96,97.26
Pulses,Black,33.01,2328.4,60.4,6.07,26.1,1,93.31,4.83,126.18
Pulses,Clay,32.53,637.87,78.64,6.98,39.32,0,123.01,8.17,321.37
Soybean,Loamy,26.97,761.93,77.62,8.23,27.93,1,48.66,14.31,399.79
Wheat,Sandy,36.67,1715.14,73.45,5.88,47.32,0,141.5,10.03,474.67
Wheat,Loamy,33.0,1983.01,50.95,6.83,31.08,1,196.69,17.22,535.34
Sugarcane,Alluvial,35.51,1627.07,65.43,6.46,36.68,0,174.29,37.97,1392.69
Wheat,Clay,30.73,1868.56,75.56,5.66,43.06,1,226.87,14.84,638.85
Sugarcane,Red,35.45,1127.16,80.39,6.57,5.5,0,297.51,43.08,236.8
Cotton,Black,27.54,890.61,60.48,7.84,38.68,1,143.4,19.61,758.33
Wheat,Loamy,18.62,935.01,85.73,5.84,37.99,0,52.92,17.54,666.3
Pulses,Black,18.28,2008.93,86.62,8.34,18.77,1,262.5,6.15,115.39
Rice,Loamy,22.33,1430.46,61.93,7.78,21.31,0,136.9,22.14,471.75
Sugarcane,Alluvial,18.69,1684.48,68.29,7.64,46.92,0,164.59,37.19,1744.67
Sugarcane,Sandy,28.52,2432.74,52.76,8.08,27.55,0,284.23,14.25,392.62
Rice,Red,34.12,997.84,84.38,6.6,7.57,1,260.64,27.69,209.58
Pulses,Clay,35.49,2301.72,45.99,7.1,14.58,1,16.8,4.13,60.17
Pulses,Clay,19.23,1077.14,62.01,8.0,46.51,0,96.2,6.8,316.42
Cotton,Clay,33.01,1333.41,52.81,6.07,33.66,0,98.03,13.62,458.65
Sugarcane,Sandy,24.66,1418.2,57.75,6.46,48.21,1,44.24,28.89,1393.04
Wheat,Clay,31.5,1306.33,78.18,8.48,33.12,0,16.07,13.66,452.38
Rice,Red,20.2,1458.55,67.24,6.35,47.45,0,102.31,19.49,924.84
Soybean,Loamy,16.61,1749.83,69.38,8.19,32.83,0,109.24,8.56,280.93
Rice,Black,22.32,1184.43,73.5,5.72,13.21,0,89.27,23.52,310.55
Wheat,Red,39.17,1505.85,55.16,6.59,3.79,0,291.79,13.65,51.7
Wheat,Loamy,23.02,2222.05,51.63,7.32,20.43,0,20.4,10.34,211.33
Wheat,Red,33.45,797.19,68.67,6.15,43.15,0,16.87,10.41,449.08
Sugarcane,Clay,34.59,2336.17,49.75,8.38,7.56,1,118.88,14.67,110.95
Pulses,Loamy,27.81,962.33,62.75,6.91,35.48,0,167.0,14.85,526.85
Maize,Black,19.05,2468.32,43.8,7.54,9.22,1,59.13,10.75,99.05
Cotton,Loamy,31.37,1219.18,49.73,7.7,8.13,0,173.74,17.65,143.49
Maize,Clay,27.98,1025.92,61.13,6.4,13.52,1,158.19,30.4,411.06
Maize,Loamy,32.1,1453.86,78.9,8.02,29.2,1,97.63,28.79,840.58
Maize,Loamy,23.72,1915.78,44.0,6.05,29.67,1,83.47,17.66,523.88
Maize,Loamy,37.38,1840.65,52.5,5.7,34.69,0,140.71,14.61,506.77
Maize,Black,27.83,1440.95,56.64,5.71,4.93,1,134.01,27.66,136.38
Sugarcane,Sandy,27.13,1541.15,55.24,6.05,4.75,1,184.88,34.08,161.97
Cotton,Clay,31.33,711.81,67.72,7.08,36.84,1,199.12,18.08,666.28
Wheat,Loamy,26.5,806.24,50.52,5.57,44.89,0,258.24,15.59,699.8
Cotton,Red,37.8,2028.2,62.54,7.76,47.8,1,212.38,8.82,421.74
Pulses,Black,31.27,644.17,66.82,6.81,13.76,1,149.17,9.37,128.9
Pulses,Black,39.59,2417.5,56.02,8.49,42.35,0,274.14,2.75,116.41
Rice,Red,36.71,2152.3,81.65,7.59,14.93,0,11.51,10.78,160.83
Rice,Alluvial,32.47,2193.12,47.01,7.13,0.9,0,102.89,12.48,11.19
Cotton,Sandy,27.41,1247.66,73.93,6.76,48.09,0,265.13,23.58,1134.2
Pulses,Alluvial,32.33,757.54,53.59,6.14,30.38,0,255.1,7.95,241.53
Pulses,Black,27.66,2440.18,53.81,7.88,11.65,0,124.5,4.49,52.34
Wheat,Loamy,38.26,2157.55,89.77,5.57,6.09,0,146.49,9.31,56.68
Wheat,Black,33.71,2046.25,56.23,7.66,33.06,1,218.58,14.3,472.87
Maize,Clay,29.63,1549.99,72.02,6.28,4.69,0,250.78,24.71,115.88
Rice,Red,34.73,1137.05,60.23,6.68,10.0,1,231.53,23.38,233.72
Rice,Clay,39.03,1363.84,51.92,8.33,30.39,0,283.7,13.45,408.82
Cotton,Loamy,30.76,1344.16,49.43,7.02,26.66,1,246.46,23.32,621.71
Sugarcane,Loamy,22.32,1224.43,57.1,8.0,14.1,1,11.31,41.29,582.35
Cotton,Alluvial,32.67,1025.88,60.6,6.17,46.66,0,274.99,19.16,894.1
Maize,Red,33.0,1819.58,75.28,6.97,19.46,1,219.2,25.84,502.67
Rice,Black,19.8,2164.0,76.25,8.18,6.32,0,243.13,12.5,79.0
Wheat,Loamy,33.37,1039.61,48.8,7.86,15.97,0,96.05,18.39,293.69
Pulses,Alluvial,35.14,1665.27,54.79,8.16,42.11,1,73.58,7.35,309.52
Cotton,Loamy,38.16,2419.43,49.47,7.53,5.07,0,207.19,6.51,32.97
Wheat,Black,18.64,1252.83,45.63,7.23,2.53,1,97.67,23.31,58.91
Soybean,Sandy,16.1,1085.91,71.17,5.67,1.68,0,292.3,6.38,10.74
Pulses,Red,19.12,1847.2,65.73,6.1,16.32,1,233.7,5.63,91.9
Maize,Alluvial,29.23,2105.01,80.4,6.07,5.95,0,143.1,21.71,129.27
Pulses,Red,22.48,1064.86,73.56,5.59,36.46,1,261.29,8.79,320.56
Sugarcane,Red,23.06,2446.04,89.32,7.04,46.75,0,289.41,19.53,913.12
Pulses,Sandy,19.31,1617.23,67.78,7.72,25.21,1,224.17,6.8,171.33
Soybean,Loamy,29.24,1950.54,47.08,8.15,29.33,0,203.44,9.76,286.25
Wheat,Black,21.62,1893.66,45.0,5.6,28.24,1,14.75,9.42,265.98
Pulses,Alluvial,34.05,1528.5,82.04,5.6,18.65,1,83.84,9.71,181.2
Pulses,Red,18.61,1860.04,47.11,7.42,3.21,1,279.25,5.57,17.88
Soybean,Red,38.21,515.05,61.08,7.62,23.4,1,158.24,6.14,143.6
Rice,Clay,23.54,2236.67,68.19,7.05,36.49,1,23.61,14.78,539.21
Sugarcane,Clay,35.15,2478.45,58.87,6.83,2.8,0,90.79,14.39,40.28
Rice,Black,32.2,669.19,61.27,6.24,37.54,1,288.41,24.07,903.6
Wheat,Black,15.36,569.99,68.86,8.31,43.4,0,187.41,8.97,389.41
Pulses,Sandy,17.57,1909.95,65.19,7.63,12.82,1,277.12,5.25,67.27
Wheat,Sandy,30.76,1974.16,61.87,8.3,31.81,1,263.76,10.15,322.74
Pulses,Alluvial,24.99,2190.1,65.01,7.54,19.9,0,65.8,6.44,128.08
Maize,Sandy,33.18,401.51,86.84,5.99,12.06,1,80.81,15.1,182.17
Sugarcane,Loamy,31.76,1068.54,59.06,8.47,12.76,1,77.09,33.43,426.42
Rice,Loamy,30.38,1410.5,62.98,6.59,29.54,1,282.16,43.19,1275.78
Maize,Clay,24.53,1264.89,76.38,6.85,42.91,0,55.27,30.12,1292.61
Cotton,Loamy,25.13,663.6,80.68,5.61,26.65,0,136.7,14.93,397.77
Soybean,Loamy,26.78,1263.41,51.83,7.69,7.02,1,246.22,22.57,158.46
Maize,Alluvial,27.35,648.77,40.68,6.41,35.05,0,250.97,24.93,873.95
Sugarcane,Clay,29.27,1256.55,73.07,8.15,20.76,0,59.44,32.21,668.91
Cotton,Loamy,22.91,2443.6,49.69,6.54,18.21,0,179.91,8.89,161.94
Pulses,Loamy,23.22,1682.81,83.56,5.55,22.07,1,194.17,9.33,205.99
Soybean,Clay,26.43,1554.21,84.39,5.81,41.22,1,115.14,15.88,654.66
Sugarcane,Alluvial,18.76,1457.5,80.08,6.82,24.79,1,268.95,63.62,1576.78
Cotton,Red,37.12,1611.74,51.06,6.31,40.26,1,13.4,8.95,360.29
Rice,Black,27.31,2249.37,60.65,7.11,2.94,0,182.71,19.21,56.47
Wheat,Red,17.84,1263.02,72.39,7.64,9.33,1,94.8,16.27,151.84
Maize,Loamy,17.65,1719.94,44.75,5.78,36.55,0,179.02,15.15,553.66
Soybean,Loamy,18.05,1470.49,69.26,6.58,24.03,0,168.98,13.84,332.48
Rice,Loamy,18.63,2299.2,88.44,8.48,39.59,0,83.66,11.49,454.8
Pulses,Clay,30.08,519.98,84.69,7.09,33.63,1,299.92,10.35,348.22
Soybean,Black,22.87,670.86,63.42,7.29,2.03,0,206.5,12.65,25.71
Maize,Clay,20.85,577.21,52.96,5.56,2.28,0,46.12,12.58,28.65
Sugarcane,Loamy,33.29,1889.28,50.02,6.13,34.57,1,92.92,30.64,1059.38
Sugarcane,Red,26.33,2063.6,81.93,7.46,11.81,1,182.57,35.17,415.23
Wheat,Clay,30.68,945.06,54.62,7.62,36.9,1,206.18,17.84,658.32
Wheat,Loamy,25.12,531.14,81.05,5.78,33.86,1,251.82,20.57,696.68
Sugarcane,Black,20.53,1821.85,78.61,6.92,31.08,1,216.88,40.57,1260.78
Pulses,Sandy,23.41,1637.23,62.72,7.74,11.07,1,68.29,7.18,79.47
Soybean,Sandy,23.84,1748.64,52.28,5.83,39.82,1,233.16,8.11,323.06
Soybean,Clay,28.34,510.79,62.85,8.33,44.45,0,135.3,6.96,309.39
Pulses,Sandy,26.79,1893.07,61.95,5.84,35.44,0,207.95,6.51,230.67
Rice,Sandy,23.41,892.42,64.03,7.16,31.77,1,130.04,19.87,631.36
Sugarcane,Red,18.83,420.68,51.9,7.96,10.86,0,130.68,15.19,165.0
Wheat,Clay,32.15,2149.87,52.5,7.33,29.47,0,279.31,13.71,403.98
Maize,Loamy,34.44,1951.48,84.65,6.84,26.76,0,218.9,22.6,604.85
Cotton,Alluvial,36.57,1330.97,69.29,8.43,26.85,0,274.03,14.42,387.3
Cotton,Alluvial,17.84,919.89,80.37,7.79,19.61,0,240.35,15.81,310.11
Maize,Loamy,27.37,1958.85,78.52,7.0,15.61,0,5.42,27.54,429.84
Cotton,Sandy,33.51,1056.8,81.34,7.28,39.8,0,188.67,13.0,517.49
Rice,Black,22.08,400.51,46.35,8.3,43.43,0,156.05,11.59,503.24
Soybean,Red,26.88,2060.27,46.68,6.43,30.98,0,161.69,7.42,229.72
Wheat,Red,32.59,1754.2,58.7,8.35,1.6,0,91.63,11.49,18.37
Pulses,Loamy,21.04,1811.62,49.84,8.19,5.73,0,54.38,6.51,37.27
Cotton,Alluvial,25.06,2044.91,88.14,5.88,21.32,0,281.32,13.06,278.42
Soybean,Sandy,17.7,2472.06,70.97,7.45,10.35,0,89.54,3.7,38.25
Soybean,Loamy,20.9,1934.08,42.02,5.78,0.84,0,0.54,6.07,5.08
Wheat,Black,18.73,906.09,86.81,7.06,18.56,1,40.55,22.6,419.5
Wheat,Alluvial,20.77,1136.55,77.89,7.25,34.61,1,19.77,22.71,785.83
Maize,Loamy,38.42,1192.23,73.2,6.27,6.79,0,140.28,27.78,188.56
Cotton,Red,37.45,1936.37,58.35,5.82,34.59,0,88.53,6.95,240.55
Wheat,Red,19.81,605.0,84.89,6.55,27.79,1,292.64,18.35,509.91
Maize,Alluvial,15.11,1057.88,66.34,6.47,6.0,1,164.41,25.8,154.7
Sugarcane,Alluvial,30.73,720.58,75.51,7.53,1.71,0,135.98,42.56,72.74
Maize,Red,31.7,485.25,59.54,7.87,40.25,1,3.2,15.06,606.31
Rice,Clay,17.58,779.39,46.5,6.48,10.9,1,55.04,14.62,159.36
Pulses,Black,23.0,1652.98,70.24,6.94,40.88,1,102.74,10.54,430.77
Pulses,Red,29.72,1493.38,77.11,7.03,21.41,0,182.64,10.33,221.19
Rice,Sandy,23.23,1634.37,82.36,6.82,1.39,0,269.26,21.32,29.61
Cotton,Clay,34.61,595.93,66.04,8.01,41.59,0,193.33,8.28,344.3
Rice,Red,34.71,943.97,75.43,6.14,2.5,1,229.28,23.92,59.71
Pulses,Sandy,27.71,1401.18,53.53,5.59,30.45,1,278.96,8.61,262.05
Rice,Sandy,19.3,524.37,45.27,6.05,17.38,0,132.37,7.52,130.67
Maize,Red,18.15,2296.5,83.21,6.89,37.35,1,128.6,12.21,455.89
Wheat,Clay,24.96,997.65,48.5,6.51,30.59,1,246.47,22.22,679.87
Maize,Clay,39.2,1981.27,80.56,5.6,23.66,1,130.89,14.15,334.71
Cotton,Loamy,27.24,2001.4,81.67,6.54,44.66,0,15.51,13.97,623.99
Rice,Black,15.26,1714.97,75.2,7.45,48.41,0,185.5,14.6,706.95
Rice,Red,25.93,1233.47,77.18,7.24,19.71,1,83.2,31.08,612.76
Pulses,Sandy,27.87,758.42,73.15,8.06,13.27,1,201.25,8.94,118.64
Sugarcane,Loamy,26.76,2408.12,78.34,8.41,37.44,0,236.45,24.84,930.05
Soybean,Sandy,21.89,2095.14,58.35,6.45,42.57,0,161.52,6.06,258.18
Cotton,Alluvial,15.09,907.16,65.49,6.64,22.7,0,299.14,15.07,342.18
Maize,Black,38.88,2264.22,55.91,6.0,37.42,1,171.55,10.47,391.73
Wheat,Alluvial,18.26,1049.46,45.84,8.46,15.78,0,9.11,11.91,187.95
Sugarcane,Loamy,36.56,2419.15,52.34,6.85,1.6,0,200.78,16.14,25.76
Maize,Red,16.33,1540.15,53.0,7.26,13.44,1,257.6,17.92,240.79
Wheat,Loamy,32.37,1327.25,87.25,5.92,32.32,0,253.01,24.32,786.16
Sugarcane,Red,37.54,967.8,80.18,8.49,13.01,0,92.65,22.06,286.92
Maize,Alluvial,17.39,447.35,42.79,5.66,45.44,0,211.47,10.11,459.51
Rice,Clay,31.34,2408.06,40.15,6.24,46.43,0,94.95,6.84,317.6
Sugarcane,Red,15.45,2361.93,44.32,7.9,44.98,0,281.57,9.86,443.52
Cotton,Clay,39.86,1566.8,48.51,6.45,21.51,0,182.62,10.36,222.86
Soybean,Red,32.27,2052.63,45.82,6.58,48.43,0,55.66,6.68,323.51
Pulses,Clay,16.21,711.89,60.7,6.95,13.54,0,253.86,6.39,86.5
Soybean,Red,31.53,626.36,64.38,7.59,26.73,0,204.01,9.73,260.1
Pulses,Red,24.75,1253.87,68.85,5.96,9.24,1,266.27,11.8,109.09
Cotton,Loamy,29.65,1815.8,80.21,7.48,20.2,1,244.76,25.42,513.54
Pulses,Black,17.89,2435.66,87.98,6.57,3.76,0,121.69,4.64,17.45
Pulses,Clay,29.84,2021.27,81.41,6.01,44.92,0,205.15,7.7,345.85
Maize,Red,37.98,2289.81,62.41,6.32,19.96,1,52.41,8.69,173.55
Soybean,Sandy,39.98,962.82,56.44,7.48,15.05,1,80.99,7.6,114.43
Rice,Black,20.54,1373.45,63.52,8.12,38.26,0,161.38,19.27,737.22
Cotton,Sandy,33.42,1662.91,72.77,5.53,46.41,0,104.33,8.62,400.21
Maize,Clay,27.43,1980.9,81.16,8.14,24.64,1,206.24,21.59,532.09
Rice,Clay,36.94,1278.08,85.55,8.48,5.75,1,118.35,21.6,124.25
Wheat,Sandy,27.79,1752.46,45.11,8.03,29.33,0,254.53,11.0,322.67
Wheat,Red,23.64,945.18,61.52,6.9,12.38,0,10.44,15.52,192.16
Soybean,Sandy,35.22,2080.76,62.85,7.32,30.41,0,113.59,5.75,174.88
Cotton,Red,28.84,1442.44,55.3,8.28,29.64,1,64.12,12.48,369.88
Maize,Clay,20.69,1626.1,58.57,6.85,27.09,0,118.44,23.29,631.03
Wheat,Sandy,39.34,417.22,84.94,8.29,48.07,0,212.11,6.36,305.81
Pulses,Clay,35.27,2389.06,46.8,6.99,11.1,0,51.11,3.5,38.88
Maize,Black,18.71,1237.57,85.22,8.5,49.37,1,181.86,25.93,1280.12
Cotton,Sandy,22.89,582.57,51.15,6.06,21.69,1,237.21,8.41,182.48
Cotton,Clay,15.15,1190.02,43.16,8.24,21.08,0,278.37,10.24,215.88
Soybean,Loamy,31.2,1971.23,85.3,8.09,33.87,0,217.07,12.95,438.47
Cotton,Clay,31.6,1295.84,84.46,8.04,26.51,0,77.55,17.68,468.71
Cotton,Loamy,32.07,1871.59,76.33,8.33,41.69,0,121.14,11.64,485.13
Wheat,Black,25.62,721.22,80.32,7.03,48.88,0,294.62,25.53,1248.0
Rice,Sandy,17.25,1640.58,69.97,6.76,21.88,1,220.22,14.46,316.23
Rice,Black,34.02,1409.52,86.58,7.62,37.52,1,75.43,25.26,947.95
Maize,Alluvial,36.37,884.04,56.38,6.13,24.85,0,34.07,19.3,479.67
Pulses,Loamy,21.22,1639.8,43.51,5.58,13.42,0,51.05,5.73,76.91
Pulses,Sandy,28.91,1263.96,87.39,5.88,48.7,0,83.57,9.67,471.14
Pulses,Clay,35.3,1071.0,48.18,6.81,22.89,0,148.75,8.4,192.36
Sugarcane,Sandy,31.7,2281.21,42.89,5.92,35.97,1,97.05,12.11,435.74
Cotton,Clay,18.16,1400.9,78.18,6.27,24.3,1,165.65,16.61,403.7
Cotton,Alluvial,20.47,1496.06,47.77,7.5,30.46,0,253.72,15.35,467.69
Rice,Loamy,32.73,1630.98,57.86,7.23,17.44,0,188.2,23.61,411.85
Pulses,Alluvial,18.42,1275.06,59.27,7.1,42.18,0,102.91,9.94,419.38
Maize,Alluvial,27.79,2381.49,42.09,7.01,29.42,1,235.0,19.04,560.23
Sugarcane,Clay,29.0,417.57,44.13,5.88,9.68,1,197.16,23.89,231.18
Sugarcane,Clay,38.0,1387.62,41.45,7.57,24.35,1,298.37,31.5,767.17
Pulses,Black,17.62,1353.88,51.94,8.01,39.3,1,3.83,7.78,305.72
Pulses,Sandy,26.3,1852.88,71.87,7.65,11.6,1,1.31,7.81,90.63
Maize,Sandy,17.37,1099.32,58.68,6.14,29.46,1,281.51,21.35,628.99
Pulses,Black,32.24,1922.23,74.91,6.43,5.43,1,118.64,8.3,45.1
Cotton,Black,18.5,1076.37,68.93,5.73,47.2,0,47.44,11.03,520.41
Cotton,Black,24.09,1516.12,83.59,7.56,6.02,1,295.92,27.45,165.31
Soybean,Alluvial,20.39,575.99,64.14,7.04,41.54,0,220.49,10.21,424.01
Rice,Sandy,30.38,2138.89,47.88,7.28,29.88,1,254.22,13.54,404.63
Maize,Black,25.52,1926.92,45.37,6.12,7.8,1,26.4,21.48,167.62
Rice,Clay,33.89,2425.21,45.73,6.44,40.6,0,259.18,9.54,387.32
Pulses,Red,21.14,1611.61,53.73,7.97,0.76,0,232.04,7.4,5.65
Wheat,Clay,29.05,849.94,57.04,7.85,10.01,0,135.16,13.64,136.44
Rice,Loamy,31.54,1643.02,76.81,7.21,3.8,0,203.53,30.7,116.8
Soybean,Alluvial,21.63,753.28,74.69,7.44,34.52,1,99.85,15.1,521.18
Rice,Clay,28.84,423.92,74.83,6.63,47.16,1,153.77,19.77,932.38
Sugarcane,Sandy,32.0,1573.33,71.25,5.79,47.61,0,293.31,25.34,1206.35
Wheat,Red,16.03,926.68,74.49,8.06,28.18,1,90.35,12.35,347.92
Maize,Red,29.49,1001.99,58.35,5.75,3.09,0,27.03,19.42,59.97
Soybean,Loamy,29.97,1014.33,74.19,7.88,6.09,1,91.67,17.58,107.01
Rice,Clay,29.11,640.52,89.85,6.78,17.74,1,73.27,24.93,442.23
Sugarcane,Black,28.01,1222.72,68.86,7.61,31.89,0,43.59,46.8,1492.29
Soybean,Clay,21.42,1357.87,41.5,6.69,28.78,1,297.51,16.02,461.04
Pulses,Sandy,16.02,1061.52,68.78,8.35,43.03,1,213.34,5.41,232.83
Maize,Red,35.3,1957.85,76.85,6.03,41.32,1,151.51,13.97,577.39
Rice,Clay,21.66,1480.51,45.34,7.48,41.89,1,235.26,23.85,998.97
Pulses,Loamy,20.11,1109.74,63.49,6.49,37.87,1,220.09,13.49,510.82
Soybean,Red,35.06,486.89,58.94,5.6,5.55,1,210.65,6.67,37.02
Rice,Black,22.22,581.12,86.83,6.63,29.03,1,47.43,19.55,567.44
Pulses,Alluvial,23.77,2354.11,79.98,6.8,24.91,1,282.99,8.69,216.56
Pulses,Sandy,16.05,1710.17,68.13,6.71,32.37,0,258.65,6.35,205.64
Soybean,Alluvial,31.44,2279.64,59.65,8.39,21.08,0,206.78,7.64,161.09
Rice,Loamy,28.38,1848.18,73.96,6.26,29.54,0,198.29,24.01,709.36
Sugarcane,Sandy,30.43,1250.31,49.92,8.38,25.82,1,189.88,31.34,809.1
Soybean,Loamy,16.57,2151.68,79.23,6.06,31.9,1,148.82,7.25,231.24
Maize,Red,38.32,1670.4,72.97,6.71,45.49,1,279.99,20.7,941.51
Rice,Black,27.41,981.7,66.75,6.55,7.04,1,81.27,34.67,243.97
Cotton,Alluvial,16.9,975.22,49.99,6.2,40.0,1,2.57,10.06,402.34
Rice,Loamy,17.85,1819.9,75.1,7.66,36.56,0,93.25,19.37,708.18
Pulses,Black,15.39,2361.1,80.49,8.01,5.12,1,161.33,3.77,19.28
Soybean,Loamy,25.33,2241.37,46.3,8.13,25.85,0,22.83,6.51,168.36
Soybean,Alluvial,34.8,1624.34,85.45,8.33,3.68,0,189.41,11.8,43.46
Soybean,Sandy,37.77,2177.76,46.37,5.78,29.67,0,87.42,3.72,110.43
Maize,Sandy,27.54,1493.74,62.42,6.27,6.46,0,36.77,22.76,146.97
Maize,Clay,34.94,723.53,71.26,6.52,6.76,1,100.42,21.82,147.49
Maize,Alluvial,18.48,897.66,62.4,6.07,13.8,1,92.3,18.97,261.65
Cotton,Black,20.41,2095.1,77.87,6.57,49.48,1,38.91,11.61,574.71
Pulses,Sandy,32.18,1729.9,80.54,5.63,15.17,0,287.19,6.15,93.25
Wheat,Clay,31.94,1992.66,51.25,5.73,40.62,1,87.09,10.9,442.77
Pulses,Black,16.99,1277.74,87.15,7.66,4.86,1,252.28,12.89,62.66
Cotton,Black,26.68,1715.62,79.76,8.41,23.63,0,169.52,17.59,415.65
Rice,Red,36.89,2082.98,87.17,5.8,13.62,0,77.59,9.2,125.38
Sugarcane,Alluvial,18.47,930.07,76.59,5.99,17.89,1,104.28,38.61,690.89
Rice,Loamy,37.6,1664.55,64.65,7.86,47.4,0,217.62,16.74,793.58
Soybean,Clay,39.73,1370.96,43.72,8.43,42.26,1,101.31,7.5,317.14
Pulses,Loamy,26.03,1904.6,59.32,6.13,31.82,0,177.07,9.45,300.68
Maize,Black,32.35,2256.84,63.61,6.65,12.93,0,225.72,18.94,244.97
Sugarcane,Alluvial,36.41,636.0,57.39,8.13,10.48,1,211.61,28.65,300.32
Maize,Black,19.49,1943.55,49.43,5.84,27.56,0,58.2,11.97,329.86
Maize,Clay,28.28,2091.72,79.57,7.24,39.15,1,258.86,23.16,906.62
Cotton,Clay,29.1,1773.26,86.13,5.67,1.96,0,90.2,12.65,24.79
Rice,Clay,16.18,2246.13,80.64,7.49,17.29,0,284.73,12.49,215.89
Pulses,Loamy,33.17,1193.87,40.41,5.53,23.3,1,157.96,9.06,211.17
Maize,Sandy,36.04,423.16,55.61,5.54,5.25,0,160.44,7.8,40.99
Soybean,Black,18.93,1809.05,77.7,5.83,23.66,0,192.42,9.94,235.11
Soybean,Alluvial,35.85,417.11,50.65,7.35,19.07,0,284.72,9.44,180.15
Maize,Red,36.11,1308.03,81.43,7.97,9.85,0,198.5,25.13,247.48
Sugarcane,Alluvial,33.14,882.63,40.05,7.65,8.97,1,214.26,33.92,304.36
Soybean,Black,15.36,1662.77,68.13,5.9,7.97,0,134.56,8.03,64.02
Soybean,Sandy,23.87,552.35,73.66,7.98,15.59,0,102.51,7.45,116.11
Sugarcane,Black,33.39,1422.73,80.66,8.36,46.33,1,84.72,43.7,2024.59
Soybean,Red,32.25,2256.4,50.35,8.25,40.85,1,118.91,4.76,194.59
Wheat,Red,32.22,1809.09,48.01,5.52,37.77,1,187.13,9.94,375.44
Pulses,Black,17.49,1162.98,65.07,5.63,17.75,1,249.6,9.25,164.22
Rice,Alluvial,25.69,2407.64,50.74,7.05,36.93,1,294.12,17.93,662.27
Soybean,Alluvial,19.49,453.38,41.97,7.26,3.55,0,159.69,6.9,24.52
Pulses,Loamy,30.59,796.94,63.47,7.66,26.71,1,76.25,10.93,291.94
Pulses,Sandy,22.12,1163.08,63.23,8.44,9.03,0,284.72,6.15,55.53
Soybean,Black,24.08,2173.89,60.92,6.82,31.9,0,180.76,8.37,267.08
Sugarcane,Sandy,20.26,1009.62,79.33,5.98,2.68,0,43.69,20.52,55.04
Wheat,Black,38.86,642.92,87.31,7.7,32.06,1,74.54,14.82,475.06
Cotton,Alluvial,27.68,2051.22,84.09,8.02,29.32,1,160.21,16.15,473.61
Cotton,Clay,30.52,2271.09,64.81,7.97,20.41,0,46.76,6.62,135.12
Cotton,Alluvial,23.43,1907.67,77.14,5.65,11.45,0,121.62,11.51,131.77
Maize,Red,18.84,1284.39,43.43,7.03,23.02,1,237.3,25.59,589.13
Soybean,Clay,24.92,952.14,58.77,6.99,17.48,1,56.21,15.98,279.43
Cotton,Red,20.7,1429.47,57.91,7.98,1.62,1,61.61,13.14,21.26
Rice,Red,21.16,2297.16,45.22,8.45,43.08,1,87.14,6.86,295.76
Pulses,Black,26.05,550.16,59.48,7.72,19.63,0,240.89,8.45,165.84
Rice,Sandy,39.86,2408.8,82.17,7.57,15.1,0,85.85,5.53,83.41
Maize,Alluvial,15.46,1319.33,41.08,6.95,25.3,1,28.04,22.01,556.83
Wheat,Red,25.41,2149.26,89.36,6.45,26.83,0,48.57,11.31,303.35
Wheat,Red,38.04,1184.09,85.11,8.25,46.57,1,168.07,14.62,680.78
Maize,Sandy,15.98,1041.43,77.23,5.64,11.36,1,117.81,15.0,170.27
Soybean,Red,32.14,1764.02,61.21,6.77,7.47,1,20.63,10.24,76.45
Wheat,Red,15.6,1057.35,80.99,7.16,22.8,1,123.8,15.44,352.13
Rice,Clay,21.87,629.74,72.99,6.46,38.48,1,165.61,17.7,681.17
Cotton,Sandy,28.3,2098.97,79.04,6.15,35.92,0,273.49,10.59,380.61
Soybean,Black,26.27,1140.11,67.75,6.06,43.05,1,126.53,15.75,677.89
Wheat,Red,15.44,1941.18,43.68,7.39,39.75,0,138.7,8.48,337.27
Sugarcane,Alluvial,19.07,1107.32,67.73,7.23,6.98,1,41.51,47.49,331.37
Cotton,Alluvial,35.97,1299.99,76.33,7.03,31.29,0,191.35,17.91,560.45
Cotton,Black,36.3,1836.45,53.27,7.56,39.73,0,192.73,12.58,499.78
Cotton,Red,31.19,1117.16,78.98,7.23,49.27,0,72.81,19.38,954.96
Rice,Loamy,38.48,404.06,76.29,7.47,36.75,0,64.37,13.58,499.08
Soybean,Red,39.65,778.89,78.3,6.52,9.19,0,204.39,8.02,73.73
Wheat,Alluvial,39.88,1238.13,70.77,6.6,19.94,1,129.5,17.78,354.51
Wheat,Black,31.47,1758.93,41.65,5.5,4.4,1,155.22,12.03,52.93
Sugarcane,Loamy,27.85,1603.61,86.29,7.44,21.03,1,71.08,66.43,1396.91
Cotton,Clay,31.9,1575.75,79.48,7.72,31.45,1,4.72,13.99,439.85
Soybean,Clay,21.3,2032.33,87.86,7.59,30.0,0,150.51,8.15,244.64
Pulses,Red,33.78,1824.89,49.92,6.98,39.69,1,172.46,7.42,294.66
Rice,Clay,25.23,2280.37,48.13,8.49,6.38,1,46.58,10.14,64.76
Rice,Alluvial,17.96,2492.55,79.36,6.73,41.26,0,34.62,8.86,365.63
Rice,Loamy,24.19,1641.3,65.19,7.44,48.66,0,220.77,30.46,1482.14
Pulses,Alluvial,36.73,1414.95,56.8,5.96,20.32,0,156.48,8.9,180.76
Cotton,Clay,32.32,410.55,61.39,6.09,45.58,1,230.53,9.85,449.19
Rice,Sandy,29.49,760.9,53.08,6.99,21.21,0,216.2,18.64,395.4
Rice,Clay,29.07,2425.22,50.86,7.64,18.81,0,241.17,9.6,180.57
Pulses,Red,20.01,2480.12,80.09,7.74,39.81,0,215.33,3.83,152.34
Cotton,Loamy,16.04,448.53,58.65,5.95,28.14,0,103.06,8.74,245.94
Rice,Alluvial,30.76,1617.63,58.5,5.56,6.82,1,181.92,22.1,150.65
Wheat,Alluvial,18.06,845.26,41.48,6.8,14.25,0,6.14,12.98,184.96
Rice,Clay,20.86,1615.77,72.36,7.56,38.93,1,246.97,20.45,796.02
Wheat,Black,22.59,628.08,63.64,7.53,43.79,0,203.13,15.22,666.37
Cotton,Red,22.23,932.35,56.54,6.31,25.82,1,170.75,15.99,412.87
Maize,Clay,21.28,749.02,57.47,7.73,37.96,0,237.51,21.5,816.22
Wheat,Loamy,34.25,2200.72,40.01,6.59,37.01,1,32.89,12.0,444.28
Sugarcane,Clay,16.67,2449.77,87.85,5.68,22.44,1,141.03,12.78,286.89
Soybean,Sandy,23.85,1666.98,55.6,8.23,43.58,1,66.0,7.95,346.48
Pulses,Alluvial,16.99,1625.21,87.39,6.96,45.35,0,257.3,11.9,539.58
Wheat,Loamy,24.94,855.99,58.68,6.5,9.22,1,225.34,30.05,277.08
Soybean,Loamy,38.48,1173.89,42.7,7.79,35.32,0,278.34,10.68,377.16
Maize,Sandy,25.42,1576.44,61.47,8.4,30.4,0,8.56,16.41,498.99
Pulses,Clay,15.86,1874.91,53.95,7.24,10.51,1,1.6,5.8,60.96
Wheat,Red,38.4,2414.7,50.41,6.43,38.61,0,29.92,5.55,214.46
Cotton,Loamy,20.62,1572.08,78.2,7.36,11.99,0,7.63,16.86,202.19
Rice,Red,26.51,2297.91,60.49,7.07,24.12,0,56.32,13.27,320.09
Maize,Loamy,28.42,1928.3,46.07,7.33,35.29,0,196.15,26.48,934.27
Sugarcane,Black,27.59,2277.51,86.82,7.92,31.96,1,101.1,27.43,876.73
Pulses,Black,30.83,1614.41,52.96,8.23,1.55,1,196.74,9.52,14.74
Soybean,Alluvial,30.31,1903.97,60.84,7.77,11.74,1,93.75,11.45,134.43
Cotton,Loamy,39.46,2427.43,60.81,6.3,15.48,1,50.44,7.07,109.4
Wheat,Red,25.2,843.7,64.13,6.52,27.31,0,95.89,14.55,397.36
Rice,Red,15.89,1879.29,64.61,5.78,9.0,1,224.1,13.05,117.43
Sugarcane,Black,15.51,923.69,84.53,7.66,4.11,0,43.65,30.55,125.64
Soybean,Loamy,32.05,2486.35,51.62,7.37,23.29,1,145.93,7.46,173.71
Cotton,Alluvial,29.18,1562.2,41.59,6.91,46.27,1,111.04,17.72,819.9
Cotton,Clay,27.98,2201.7,59.57,8.17,12.39,1,148.38,9.87,122.25
Cotton,Red,21.44,1169.11,61.71,5.89,23.04,0,184.83,12.75,293.85
Soybean,Sandy,15.84,1816.31,60.23,6.84,43.75,0,155.67,5.6,245.05
Rice,Red,21.06,787.1,43.24,7.79,21.66,1,131.9,14.69,318.19
Pulses,Clay,24.7,1189.52,72.0,6.98,42.53,1,4.03,12.11,515.25
Sugarcane,Clay,15.54,1492.04,74.0,5.76,23.32,1,215.23,29.7,692.4
Maize,Sandy,32.91,1655.65,50.59,8.05,21.66,1,61.55,16.48,356.93
Pulses,Red,30.73,2449.56,56.56,5.86,28.73,0,292.95,3.99,114.61
Sugarcane,Red,19.16,1881.3,54.58,6.35,12.3,0,78.12,16.54,203.39
Sugarcane,Clay,32.67,2059.86,49.69,6.29,25.87,0,176.74,22.13,572.56
Maize,Alluvial,39.22,576.08,57.35,6.76,1.34,0,163.83,14.8,19.8
Cotton,Sandy,22.95,960.08,88.35,5.98,39.47,0,251.71,15.38,607.0
Sugarcane,Loamy,38.15,2065.32,86.12,7.5,12.16,1,150.42,33.9,412.35
Maize,Loamy,32.04,1828.23,73.45,8.33,41.24,0,286.31,26.73,1102.55
Wheat,Clay,24.01,2107.6,70.58,7.84,36.09,0,276.67,12.96,467.84
Cotton,Loamy,35.75,1156.97,61.52,6.73,19.05,0,224.65,20.37,387.96
Rice,Loamy,32.83,744.46,87.78,7.5,3.44,0,2.17,20.64,70.93
Cotton,Alluvial,27.1,2454.37,83.71,6.58,2.75,0,221.55,12.66,34.82
Pulses,Sandy,24.2,563.03,75.67,5.51,2.8,0,272.48,5.19,14.55
Cotton,Clay,22.03,2402.22,42.68,7.63,26.84,1,166.41,6.02,161.61
Rice,Red,28.82,931.82,87.78,5.59,10.39,0,17.89,18.98,197.17
Rice,Black,36.81,1895.33,69.0,5.77,34.85,0,44.09,13.45,468.73
Soybean,Alluvial,34.51,1002.31,60.12,7.72,48.44,0,211.44,14.38,696.69
Wheat,Alluvial,38.19,1494.08,64.38,7.23,34.62,0,229.55,18.61,644.35
Rice,Sandy,30.57,1770.8,78.47,5.97,37.21,1,266.33,21.82,811.77
Rice,Loamy,23.26,1340.96,57.31,6.51,40.5,0,109.51,30.42,1231.88
Rice,Black,39.94,1436.35,48.92,7.04,40.79,1,14.89,19.5,795.46
Wheat,Alluvial,36.55,2276.23,49.71,5.89,48.79,1,170.73,8.5,414.66
Pulses,Loamy,35.23,1388.13,87.45,8.04,16.99,0,194.31,11.03,187.31
Rice,Alluvial,21.97,733.59,49.78,8.42,8.08,0,170.35,13.19,106.53
Pulses,Loamy,34.84,2048.93,51.87,6.37,46.93,1,166.15,7.0,328.7
Pulses,Black,28.98,793.56,62.41,7.3,16.71,0,87.87,9.58,160.07
Maize,Sandy,36.17,1190.42,54.83,8.17,49.97,1,141.58,19.29,964.06
Soybean,Sandy,27.52,1357.49,57.22,7.58,38.1,1,103.09,11.95,455.3
Soybean,Sandy,21.39,1688.41,87.25,5.64,0.55,1,285.75,11.05,6.08
Rice,Clay,35.36,1364.23,52.59,6.61,1.5,0,127.39,18.14,27.24
Sugarcane,Loamy,15.42,1492.45,74.8,8.33,9.37,1,239.55,34.85,326.38
Wheat,Alluvial,36.33,2092.45,46.61,7.64,22.05,0,98.02,9.88,217.99
Cotton,Loamy,21.29,1858.81,78.47,6.23,2.95,0,31.12,14.19,41.84
Cotton,Clay,28.34,696.45,41.28,7.89,30.21,0,183.65,10.33,311.93
